datetime,barra_prog,nombre_barra,cmg_programado,zona,region
2026-02-17 00:00:00,AJahuel220,BA S/E ALTO JAHUEL 220KV BP1,66.3493904428098,Centro,Metropolitana
2026-02-17 00:00:00,Cardones220,BA S/E CARDONES 220KV BP1-1,68.5931405606776,Norte,Atacama
2026-02-17 00:00:00,Charrua220,BA S/E CHARRUA 220KV BP1-1,61.6814179019005,Centro Sur,Biobío
2026-02-17 00:00:00,Crucero220,BA S/E CRUCERO 220KV BP1,75.1360456908341,Norte,Antofagasta
2026-02-17 00:00:00,PAzucar220,BA S/E PAN DE AZUCAR 220KV BP1,65.7410635100426,Norte,Coquimbo
2026-02-17 00:00:00,PMontt220,BA S/E PUERTO MONTT 220KV BP1,64.838294972792,Sur,Los Lagos
2026-02-17 00:00:00,Polpaico220,BA S/E POLPAICO (TRANSELEC) 220KV BP1,64.5164349433941,Centro,Metropolitana
2026-02-17 00:00:00,Quillota220,BA S/E QUILLOTA 220KV BP1-1,63.65675052752,Centro,Valparaíso
2026-02-17 01:00:00,AJahuel220,BA S/E ALTO JAHUEL 220KV BP1,66.362910494357,Centro,Metropolitana
2026-02-17 01:00:00,Cardones220,BA S/E CARDONES 220KV BP1-1,70.4771409377641,Norte,Atacama
2026-02-17 01:00:00,Charrua220,BA S/E CHARRUA 220KV BP1-1,63.5057166882523,Centro Sur,Biobío
2026-02-17 01:00:00,Crucero220,BA S/E CRUCERO 220KV BP1,74.029936309732,Norte,Antofagasta
2026-02-17 01:00:00,PAzucar220,BA S/E PAN DE AZUCAR 220KV BP1,66.2449703472184,Norte,Coquimbo
2026-02-17 01:00:00,PMontt220,BA S/E PUERTO MONTT 220KV BP1,63.3463602119478,Sur,Los Lagos
2026-02-17 01:00:00,Polpaico220,BA S/E POLPAICO (TRANSELEC) 220KV BP1,64.5226096481953,Centro,Metropolitana
2026-02-17 01:00:00,Quillota220,BA S/E QUILLOTA 220KV BP1-1,63.65675052752,Centro,Valparaíso
2026-02-17 02:00:00,AJahuel220,BA S/E ALTO JAHUEL 220KV BP1,66.2984840118182,Centro,Metropolitana
2026-02-17 02:00:00,Cardones220,BA S/E CARDONES 220KV BP1-1,71.0286393910214,Norte,Atacama
2026-02-17 02:00:00,Charrua220,BA S/E CHARRUA 220KV BP1-1,60.1648213263054,Centro Sur,Biobío
2026-02-17 02:00:00,Crucero220,BA S/E CRUCERO 220KV BP1,69.9862335146003,Norte,Antofagasta
2026-02-17 02:00:00,PAzucar220,BA S/E PAN DE AZUCAR 220KV BP1,66.5894170243228,Norte,Coquimbo
2026-02-17 02:00:00,PMontt220,BA S/E PUERTO MONTT 220KV BP1,62.4050214715149,Sur,Los Lagos
2026-02-17 02:00:00,Polpaico220,BA S/E POLPAICO (TRANSELEC) 220KV BP1,66.4425060264573,Centro,Metropolitana
2026-02-17 02:00:00,Quillota220,BA S/E QUILLOTA 220KV BP1-1,61.5557976866302,Centro,Valparaíso
2026-02-17 03:00:00,AJahuel220,BA S/E ALTO JAHUEL 220KV BP1,66.2190389173332,Centro,Metropolitana
2026-02-17 03:00:00,Cardones220,BA S/E CARDONES 220KV BP1-1,71.8185109693862,Norte,Atacama
2026-02-17 03:00:00,Charrua220,BA S/E CHARRUA 220KV BP1-1,60.0383351397976,Centro Sur,Biobío
2026-02-17 03:00:00,Crucero220,BA S/E CRUCERO 220KV BP1,76.4413232898384,Norte,Antofagasta
2026-02-17 03:00:00,PAzucar220,BA S/E PAN DE AZUCAR 220KV BP1,63.7961739178358,Norte,Coquimbo
2026-02-17 03:00:00,PMontt220,BA S/E PUERTO MONTT 220KV BP1,65.1454272953566,Sur,Los Lagos
2026-02-17 03:00:00,Polpaico220,BA S/E POLPAICO (TRANSELEC) 220KV BP1,64.5443166001252,Centro,Metropolitana
2026-02-17 03:00:00,Quillota220,BA S/E QUILLOTA 220KV BP1-1,61.5443878549972,Centro,Valparaíso
2026-02-17 04:00:00,AJahuel220,BA S/E ALTO JAHUEL 220KV BP1,61.8344306952888,Centro,Metropolitana
2026-02-17 04:00:00,Cardones220,BA S/E CARDONES 220KV BP1-1,66.14293409216,Norte,Atacama
2026-02-17 04:00:00,Charrua220,BA S/E CHARRUA 220KV BP1-1,59.5171527263623,Centro Sur,Biobío
2026-02-17 04:00:00,Crucero220,BA S/E CRUCERO 220KV BP1,69.5856527463273,Norte,Antofagasta
2026-02-17 04:00:00,PAzucar220,BA S/E PAN DE AZUCAR 220KV BP1,63.5600085907819,Norte,Coquimbo
2026-02-17 04:00:00,PMontt220,BA S/E PUERTO MONTT 220KV BP1,64.0522971825658,Sur,Los Lagos
2026-02-17 04:00:00,Polpaico220,BA S/E POLPAICO (TRANSELEC) 220KV BP1,61.8810795024834,Centro,Metropolitana
2026-02-17 04:00:00,Quillota220,BA S/E QUILLOTA 220KV BP1-1,61.1386726010884,Centro,Valparaíso
2026-02-17 05:00:00,AJahuel220,BA S/E ALTO JAHUEL 220KV BP1,66.2057888229355,Centro,Metropolitana
2026-02-17 05:00:00,Cardones220,BA S/E CARDONES 220KV BP1-1,66.0448903775372,Norte,Atacama
2026-02-17 05:00:00,Charrua220,BA S/E CHARRUA 220KV BP1-1,63.1424885087945,Centro Sur,Biobío
2026-02-17 05:00:00,Crucero220,BA S/E CRUCERO 220KV BP1,69.1199405619477,Norte,Antofagasta
2026-02-17 05:00:00,PAzucar220,BA S/E PAN DE AZUCAR 220KV BP1,63.7014949351447,Norte,Coquimbo
2026-02-17 05:00:00,PMontt220,BA S/E PUERTO MONTT 220KV BP1,64.8594058098089,Sur,Los Lagos
2026-02-17 05:00:00,Polpaico220,BA S/E POLPAICO (TRANSELEC) 220KV BP1,64.4891261974178,Centro,Metropolitana
2026-02-17 05:00:00,Quillota220,BA S/E QUILLOTA 220KV BP1-1,63.65675052752,Centro,Valparaíso
2026-02-17 06:00:00,AJahuel220,BA S/E ALTO JAHUEL 220KV BP1,62.4803690766986,Centro,Metropolitana
2026-02-17 06:00:00,Cardones220,BA S/E CARDONES 220KV BP1-1,70.3573637820665,Norte,Atacama
2026-02-17 06:00:00,Charrua220,BA S/E CHARRUA 220KV BP1-1,63.1141602439279,Centro Sur,Biobío
2026-02-17 06:00:00,Crucero220,BA S/E CRUCERO 220KV BP1,73.3259995664586,Norte,Antofagasta
2026-02-17 06:00:00,PAzucar220,BA S/E PAN DE AZUCAR 220KV BP1,65.7754381553274,Norte,Coquimbo
2026-02-17 06:00:00,PMontt220,BA S/E PUERTO MONTT 220KV BP1,68.4809773662481,Sur,Los Lagos
2026-02-17 06:00:00,Polpaico220,BA S/E POLPAICO (TRANSELEC) 220KV BP1,62.3788810871158,Centro,Metropolitana
2026-02-17 06:00:00,Quillota220,BA S/E QUILLOTA 220KV BP1-1,61.6199086720028,Centro,Valparaíso
2026-02-17 07:00:00,AJahuel220,BA S/E ALTO JAHUEL 220KV BP1,62.5810766815149,Centro,Metropolitana
2026-02-17 07:00:00,Cardones220,BA S/E CARDONES 220KV BP1-1,69.4030844155768,Norte,Atacama
2026-02-17 07:00:00,Charrua220,BA S/E CHARRUA 220KV BP1-1,61.9857608261726,Centro Sur,Biobío
2026-02-17 07:00:00,Crucero220,BA S/E CRUCERO 220KV BP1,72.2680883485462,Norte,Antofagasta
2026-02-17 07:00:00,PAzucar220,BA S/E PAN DE AZUCAR 220KV BP1,62.1749558593543,Norte,Coquimbo
2026-02-17 07:00:00,PMontt220,BA S/E PUERTO MONTT 220KV BP1,67.6397368466053,Sur,Los Lagos
2026-02-17 07:00:00,Polpaico220,BA S/E POLPAICO (TRANSELEC) 220KV BP1,64.5155437488868,Centro,Metropolitana
2026-02-17 07:00:00,Quillota220,BA S/E QUILLOTA 220KV BP1-1,65.6313181904877,Centro,Valparaíso
2026-02-17 08:00:00,AJahuel220,BA S/E ALTO JAHUEL 220KV BP1,62.5401546970286,Centro,Metropolitana
2026-02-17 08:00:00,Cardones220,BA S/E CARDONES 220KV BP1-1,50.4590480114815,Norte,Atacama
2026-02-17 08:00:00,Charrua220,BA S/E CHARRUA 220KV BP1-1,61.6818695300753,Centro Sur,Biobío
2026-02-17 08:00:00,Crucero220,BA S/E CRUCERO 220KV BP1,52.3429814539953,Norte,Antofagasta
2026-02-17 08:00:00,PAzucar220,BA S/E PAN DE AZUCAR 220KV BP1,60.7993417863664,Norte,Coquimbo
2026-02-17 08:00:00,PMontt220,BA S/E PUERTO MONTT 220KV BP1,211.479325122741,Sur,Los Lagos
2026-02-17 08:00:00,Polpaico220,BA S/E POLPAICO (TRANSELEC) 220KV BP1,51.4844865968905,Centro,Metropolitana
2026-02-17 08:00:00,Quillota220,BA S/E QUILLOTA 220KV BP1-1,56.9431241660081,Centro,Valparaíso
2026-02-17 09:00:00,AJahuel220,BA S/E ALTO JAHUEL 220KV BP1,37.6014101896699,Centro,Metropolitana
2026-02-17 09:00:00,Cardones220,BA S/E CARDONES 220KV BP1-1,35.755926145904,Norte,Atacama
2026-02-17 09:00:00,Charrua220,BA S/E CHARRUA 220KV BP1-1,32.7996674647546,Centro Sur,Biobío
2026-02-17 09:00:00,Crucero220,BA S/E CRUCERO 220KV BP1,29.3590729490282,Norte,Antofagasta
2026-02-17 09:00:00,PAzucar220,BA S/E PAN DE AZUCAR 220KV BP1,35.0405914989906,Norte,Coquimbo
2026-02-17 09:00:00,PMontt220,BA S/E PUERTO MONTT 220KV BP1,43.8140524228745,Sur,Los Lagos
2026-02-17 09:00:00,Polpaico220,BA S/E POLPAICO (TRANSELEC) 220KV BP1,37.6016002403356,Centro,Metropolitana
2026-02-17 09:00:00,Quillota220,BA S/E QUILLOTA 220KV BP1-1,40.4562094751454,Centro,Valparaíso
2026-02-17 10:00:00,AJahuel220,BA S/E ALTO JAHUEL 220KV BP1,0.128195308969365,Centro,Metropolitana
2026-02-17 10:00:00,Cardones220,BA S/E CARDONES 220KV BP1-1,0.0,Norte,Atacama
2026-02-17 10:00:00,Charrua220,BA S/E CHARRUA 220KV BP1-1,0.128344898576106,Centro Sur,Biobío
2026-02-17 10:00:00,Crucero220,BA S/E CRUCERO 220KV BP1,0.0363868235518231,Norte,Antofagasta
2026-02-17 10:00:00,PAzucar220,BA S/E PAN DE AZUCAR 220KV BP1,0.116889811717483,Norte,Coquimbo
2026-02-17 10:00:00,PMontt220,BA S/E PUERTO MONTT 220KV BP1,100.235293169209,Sur,Los Lagos
2026-02-17 10:00:00,Polpaico220,BA S/E POLPAICO (TRANSELEC) 220KV BP1,0.127931289151743,Centro,Metropolitana
2026-02-17 10:00:00,Quillota220,BA S/E QUILLOTA 220KV BP1-1,0.129739468118917,Centro,Valparaíso
2026-02-17 11:00:00,AJahuel220,BA S/E ALTO JAHUEL 220KV BP1,0.0,Centro,Metropolitana
2026-02-17 11:00:00,Cardones220,BA S/E CARDONES 220KV BP1-1,0.0,Norte,Atacama
2026-02-17 11:00:00,Charrua220,BA S/E CHARRUA 220KV BP1-1,0.0,Centro Sur,Biobío
2026-02-17 11:00:00,Crucero220,BA S/E CRUCERO 220KV BP1,0.0,Norte,Antofagasta
2026-02-17 11:00:00,PAzucar220,BA S/E PAN DE AZUCAR 220KV BP1,0.0,Norte,Coquimbo
2026-02-17 11:00:00,PMontt220,BA S/E PUERTO MONTT 220KV BP1,97.0455420182311,Sur,Los Lagos
2026-02-17 11:00:00,Polpaico220,BA S/E POLPAICO (TRANSELEC) 220KV BP1,0.0,Centro,Metropolitana
2026-02-17 11:00:00,Quillota220,BA S/E QUILLOTA 220KV BP1-1,0.0,Centro,Valparaíso
2026-02-17 12:00:00,AJahuel220,BA S/E ALTO JAHUEL 220KV BP1,0.0,Centro,Metropolitana
2026-02-17 12:00:00,Cardones220,BA S/E CARDONES 220KV BP1-1,0.0,Norte,Atacama
2026-02-17 12:00:00,Charrua220,BA S/E CHARRUA 220KV BP1-1,5.58209766880549,Centro Sur,Biobío
2026-02-17 12:00:00,Crucero220,BA S/E CRUCERO 220KV BP1,0.0,Norte,Antofagasta
2026-02-17 12:00:00,PAzucar220,BA S/E PAN DE AZUCAR 220KV BP1,0.0,Norte,Coquimbo
2026-02-17 12:00:00,PMontt220,BA S/E PUERTO MONTT 220KV BP1,100.101839627084,Sur,Los Lagos
2026-02-17 12:00:00,Polpaico220,BA S/E POLPAICO (TRANSELEC) 220KV BP1,5.5455231304046,Centro,Metropolitana
2026-02-17 12:00:00,Quillota220,BA S/E QUILLOTA 220KV BP1-1,31.7839625112507,Centro,Valparaíso
2026-02-17 13:00:00,AJahuel220,BA S/E ALTO JAHUEL 220KV BP1,31.4646926078252,Centro,Metropolitana
2026-02-17 13:00:00,Cardones220,BA S/E CARDONES 220KV BP1-1,0.0,Norte,Atacama
2026-02-17 13:00:00,Charrua220,BA S/E CHARRUA 220KV BP1-1,0.0,Centro Sur,Biobío
2026-02-17 13:00:00,Crucero220,BA S/E CRUCERO 220KV BP1,0.0,Norte,Antofagasta
2026-02-17 13:00:00,PAzucar220,BA S/E PAN DE AZUCAR 220KV BP1,0.0,Norte,Coquimbo
2026-02-17 13:00:00,PMontt220,BA S/E PUERTO MONTT 220KV BP1,96.5174617254388,Sur,Los Lagos
2026-02-17 13:00:00,Polpaico220,BA S/E POLPAICO (TRANSELEC) 220KV BP1,0.0,Centro,Metropolitana
2026-02-17 13:00:00,Quillota220,BA S/E QUILLOTA 220KV BP1-1,0.0,Centro,Valparaíso
2026-02-17 14:00:00,AJahuel220,BA S/E ALTO JAHUEL 220KV BP1,0.0,Centro,Metropolitana
2026-02-17 14:00:00,Cardones220,BA S/E CARDONES 220KV BP1-1,0.0,Norte,Atacama
2026-02-17 14:00:00,Charrua220,BA S/E CHARRUA 220KV BP1-1,31.5313119344767,Centro Sur,Biobío
2026-02-17 14:00:00,Crucero220,BA S/E CRUCERO 220KV BP1,0.0,Norte,Antofagasta
2026-02-17 14:00:00,PAzucar220,BA S/E PAN DE AZUCAR 220KV BP1,0.0,Norte,Coquimbo
2026-02-17 14:00:00,PMontt220,BA S/E PUERTO MONTT 220KV BP1,100.301622558573,Sur,Los Lagos
2026-02-17 14:00:00,Polpaico220,BA S/E POLPAICO (TRANSELEC) 220KV BP1,31.6299070597354,Centro,Metropolitana
2026-02-17 14:00:00,Quillota220,BA S/E QUILLOTA 220KV BP1-1,14.8554549798826,Centro,Valparaíso
2026-02-17 15:00:00,AJahuel220,BA S/E ALTO JAHUEL 220KV BP1,0.0,Centro,Metropolitana
2026-02-17 15:00:00,Cardones220,BA S/E CARDONES 220KV BP1-1,0.0,Norte,Atacama
2026-02-17 15:00:00,Charrua220,BA S/E CHARRUA 220KV BP1-1,31.5980475946713,Centro Sur,Biobío
2026-02-17 15:00:00,Crucero220,BA S/E CRUCERO 220KV BP1,0.0,Norte,Antofagasta
2026-02-17 15:00:00,PAzucar220,BA S/E PAN DE AZUCAR 220KV BP1,0.0,Norte,Coquimbo
2026-02-17 15:00:00,PMontt220,BA S/E PUERTO MONTT 220KV BP1,206.472549120682,Sur,Los Lagos
2026-02-17 15:00:00,Polpaico220,BA S/E POLPAICO (TRANSELEC) 220KV BP1,0.0,Centro,Metropolitana
2026-02-17 15:00:00,Quillota220,BA S/E QUILLOTA 220KV BP1-1,0.0,Centro,Valparaíso
2026-02-17 16:00:00,AJahuel220,BA S/E ALTO JAHUEL 220KV BP1,31.4306202271577,Centro,Metropolitana
2026-02-17 16:00:00,Cardones220,BA S/E CARDONES 220KV BP1-1,0.0,Norte,Atacama
2026-02-17 16:00:00,Charrua220,BA S/E CHARRUA 220KV BP1-1,31.2718911182394,Centro Sur,Biobío
2026-02-17 16:00:00,Crucero220,BA S/E CRUCERO 220KV BP1,0.0,Norte,Antofagasta
2026-02-17 16:00:00,PAzucar220,BA S/E PAN DE AZUCAR 220KV BP1,0.0,Norte,Coquimbo
2026-02-17 16:00:00,PMontt220,BA S/E PUERTO MONTT 220KV BP1,99.3453664547485,Sur,Los Lagos
2026-02-17 16:00:00,Polpaico220,BA S/E POLPAICO (TRANSELEC) 220KV BP1,31.3320581593252,Centro,Metropolitana
2026-02-17 16:00:00,Quillota220,BA S/E QUILLOTA 220KV BP1-1,31.7839625387004,Centro,Valparaíso
2026-02-17 17:00:00,AJahuel220,BA S/E ALTO JAHUEL 220KV BP1,0.0,Centro,Metropolitana
2026-02-17 17:00:00,Cardones220,BA S/E CARDONES 220KV BP1-1,0.0,Norte,Atacama
2026-02-17 17:00:00,Charrua220,BA S/E CHARRUA 220KV BP1-1,14.7129069855794,Centro Sur,Biobío
2026-02-17 17:00:00,Crucero220,BA S/E CRUCERO 220KV BP1,0.0,Norte,Antofagasta
2026-02-17 17:00:00,PAzucar220,BA S/E PAN DE AZUCAR 220KV BP1,0.0,Norte,Coquimbo
2026-02-17 17:00:00,PMontt220,BA S/E PUERTO MONTT 220KV BP1,100.428120251889,Sur,Los Lagos
2026-02-17 17:00:00,Polpaico220,BA S/E POLPAICO (TRANSELEC) 220KV BP1,14.6588660844819,Centro,Metropolitana
2026-02-17 17:00:00,Quillota220,BA S/E QUILLOTA 220KV BP1-1,14.8586555894075,Centro,Valparaíso
2026-02-17 18:00:00,AJahuel220,BA S/E ALTO JAHUEL 220KV BP1,0.0,Centro,Metropolitana
2026-02-17 18:00:00,Cardones220,BA S/E CARDONES 220KV BP1-1,0.0,Norte,Atacama
2026-02-17 18:00:00,Charrua220,BA S/E CHARRUA 220KV BP1-1,0.0,Centro Sur,Biobío
2026-02-17 18:00:00,Crucero220,BA S/E CRUCERO 220KV BP1,0.0,Norte,Antofagasta
2026-02-17 18:00:00,PAzucar220,BA S/E PAN DE AZUCAR 220KV BP1,0.0,Norte,Coquimbo
2026-02-17 18:00:00,PMontt220,BA S/E PUERTO MONTT 220KV BP1,24.4923423268373,Sur,Los Lagos
2026-02-17 18:00:00,Polpaico220,BA S/E POLPAICO (TRANSELEC) 220KV BP1,0.0,Centro,Metropolitana
2026-02-17 18:00:00,Quillota220,BA S/E QUILLOTA 220KV BP1-1,0.0,Centro,Valparaíso
2026-02-17 19:00:00,AJahuel220,BA S/E ALTO JAHUEL 220KV BP1,48.6486149170549,Centro,Metropolitana
2026-02-17 19:00:00,Cardones220,BA S/E CARDONES 220KV BP1-1,47.2869661545476,Norte,Atacama
2026-02-17 19:00:00,Charrua220,BA S/E CHARRUA 220KV BP1-1,48.3010710335928,Centro Sur,Biobío
2026-02-17 19:00:00,Crucero220,BA S/E CRUCERO 220KV BP1,47.1554262510082,Norte,Antofagasta
2026-02-17 19:00:00,PAzucar220,BA S/E PAN DE AZUCAR 220KV BP1,48.7866337121591,Norte,Coquimbo
2026-02-17 19:00:00,PMontt220,BA S/E PUERTO MONTT 220KV BP1,56.2086325679812,Sur,Los Lagos
2026-02-17 19:00:00,Polpaico220,BA S/E POLPAICO (TRANSELEC) 220KV BP1,48.503542461596,Centro,Metropolitana
2026-02-17 19:00:00,Quillota220,BA S/E QUILLOTA 220KV BP1-1,51.8948221925603,Centro,Valparaíso
2026-02-17 20:00:00,AJahuel220,BA S/E ALTO JAHUEL 220KV BP1,58.2997903431286,Centro,Metropolitana
2026-02-17 20:00:00,Cardones220,BA S/E CARDONES 220KV BP1-1,64.8577998122329,Norte,Atacama
2026-02-17 20:00:00,Charrua220,BA S/E CHARRUA 220KV BP1-1,57.5420755676659,Centro Sur,Biobío
2026-02-17 20:00:00,Crucero220,BA S/E CRUCERO 220KV BP1,66.8535596728497,Norte,Antofagasta
2026-02-17 20:00:00,PAzucar220,BA S/E PAN DE AZUCAR 220KV BP1,62.6716361640899,Norte,Coquimbo
2026-02-17 20:00:00,PMontt220,BA S/E PUERTO MONTT 220KV BP1,72.1871038503736,Sur,Los Lagos
2026-02-17 20:00:00,Polpaico220,BA S/E POLPAICO (TRANSELEC) 220KV BP1,62.0891712207131,Centro,Metropolitana
2026-02-17 20:00:00,Quillota220,BA S/E QUILLOTA 220KV BP1-1,65.6068330248779,Centro,Valparaíso
2026-02-17 21:00:00,AJahuel220,BA S/E ALTO JAHUEL 220KV BP1,64.7918820593107,Centro,Metropolitana
2026-02-17 21:00:00,Cardones220,BA S/E CARDONES 220KV BP1-1,65.4424879081506,Norte,Atacama
2026-02-17 21:00:00,Charrua220,BA S/E CHARRUA 220KV BP1-1,56.540608472802,Centro Sur,Biobío
2026-02-17 21:00:00,Crucero220,BA S/E CRUCERO 220KV BP1,55.3481140639869,Norte,Antofagasta
2026-02-17 21:00:00,PAzucar220,BA S/E PAN DE AZUCAR 220KV BP1,54.573166581125,Norte,Coquimbo
2026-02-17 21:00:00,PMontt220,BA S/E PUERTO MONTT 220KV BP1,137.334970343526,Sur,Los Lagos
2026-02-17 21:00:00,Polpaico220,BA S/E POLPAICO (TRANSELEC) 220KV BP1,57.3886437709387,Centro,Metropolitana
2026-02-17 21:00:00,Quillota220,BA S/E QUILLOTA 220KV BP1-1,61.8179441596474,Centro,Valparaíso
2026-02-17 22:00:00,AJahuel220,BA S/E ALTO JAHUEL 220KV BP1,61.9657092073492,Centro,Metropolitana
2026-02-17 22:00:00,Cardones220,BA S/E CARDONES 220KV BP1-1,56.1833780883387,Norte,Atacama
2026-02-17 22:00:00,Charrua220,BA S/E CHARRUA 220KV BP1-1,56.1837200534022,Centro Sur,Biobío
2026-02-17 22:00:00,Crucero220,BA S/E CRUCERO 220KV BP1,57.4248252572843,Norte,Antofagasta
2026-02-17 22:00:00,PAzucar220,BA S/E PAN DE AZUCAR 220KV BP1,55.4028428308458,Norte,Coquimbo
2026-02-17 22:00:00,PMontt220,BA S/E PUERTO MONTT 220KV BP1,108.809054348248,Sur,Los Lagos
2026-02-17 22:00:00,Polpaico220,BA S/E POLPAICO (TRANSELEC) 220KV BP1,64.4563008309043,Centro,Metropolitana
2026-02-17 22:00:00,Quillota220,BA S/E QUILLOTA 220KV BP1-1,56.9941772539535,Centro,Valparaíso
2026-02-17 23:00:00,AJahuel220,BA S/E ALTO JAHUEL 220KV BP1,61.9941204435129,Centro,Metropolitana
2026-02-17 23:00:00,Cardones220,BA S/E CARDONES 220KV BP1-1,67.3007045670823,Norte,Atacama
2026-02-17 23:00:00,Charrua220,BA S/E CHARRUA 220KV BP1-1,56.0292907575866,Centro Sur,Biobío
2026-02-17 23:00:00,Crucero220,BA S/E CRUCERO 220KV BP1,71.0735583728258,Norte,Antofagasta
2026-02-17 23:00:00,PAzucar220,BA S/E PAN DE AZUCAR 220KV BP1,60.781013013676,Norte,Coquimbo
2026-02-17 23:00:00,PMontt220,BA S/E PUERTO MONTT 220KV BP1,102.913263722438,Sur,Los Lagos
2026-02-17 23:00:00,Polpaico220,BA S/E POLPAICO (TRANSELEC) 220KV BP1,66.4854692137225,Centro,Metropolitana
2026-02-17 23:00:00,Quillota220,BA S/E QUILLOTA 220KV BP1-1,57.0557232182836,Centro,Valparaíso
2026-02-18 00:00:00,AJahuel220,BA S/E ALTO JAHUEL 220KV BP1,56.3363536274456,Centro,Metropolitana
2026-02-18 00:00:00,Cardones220,BA S/E CARDONES 220KV BP1-1,58.1048111901969,Norte,Atacama
2026-02-18 00:00:00,Charrua220,BA S/E CHARRUA 220KV BP1-1,54.4299447578475,Centro Sur,Biobío
2026-02-18 00:00:00,Crucero220,BA S/E CRUCERO 220KV BP1,60.9391241132169,Norte,Antofagasta
2026-02-18 00:00:00,PAzucar220,BA S/E PAN DE AZUCAR 220KV BP1,60.4028734172111,Norte,Coquimbo
2026-02-18 00:00:00,PMontt220,BA S/E PUERTO MONTT 220KV BP1,70.4638841256703,Sur,Los Lagos
2026-02-18 00:00:00,Polpaico220,BA S/E POLPAICO (TRANSELEC) 220KV BP1,56.3177553338505,Centro,Metropolitana
2026-02-18 00:00:00,Quillota220,BA S/E QUILLOTA 220KV BP1-1,56.6255917587396,Centro,Valparaíso
2026-02-18 01:00:00,AJahuel220,BA S/E ALTO JAHUEL 220KV BP1,62.3869502516948,Centro,Metropolitana
2026-02-18 01:00:00,Cardones220,BA S/E CARDONES 220KV BP1-1,58.9289411367417,Norte,Atacama
2026-02-18 01:00:00,Charrua220,BA S/E CHARRUA 220KV BP1-1,53.9375242360276,Centro Sur,Biobío
2026-02-18 01:00:00,Crucero220,BA S/E CRUCERO 220KV BP1,64.8167926102911,Norte,Antofagasta
2026-02-18 01:00:00,PAzucar220,BA S/E PAN DE AZUCAR 220KV BP1,58.1656149951877,Norte,Coquimbo
2026-02-18 01:00:00,PMontt220,BA S/E PUERTO MONTT 220KV BP1,62.81719267809,Sur,Los Lagos
2026-02-18 01:00:00,Polpaico220,BA S/E POLPAICO (TRANSELEC) 220KV BP1,56.050598516195,Centro,Metropolitana
2026-02-18 01:00:00,Quillota220,BA S/E QUILLOTA 220KV BP1-1,55.5750428743194,Centro,Valparaíso
2026-02-18 02:00:00,AJahuel220,BA S/E ALTO JAHUEL 220KV BP1,55.4279958638389,Centro,Metropolitana
2026-02-18 02:00:00,Cardones220,BA S/E CARDONES 220KV BP1-1,66.0451007749513,Norte,Atacama
2026-02-18 02:00:00,Charrua220,BA S/E CHARRUA 220KV BP1-1,60.6260356735833,Centro Sur,Biobío
2026-02-18 02:00:00,Crucero220,BA S/E CRUCERO 220KV BP1,69.7942138269064,Norte,Antofagasta
2026-02-18 02:00:00,PAzucar220,BA S/E PAN DE AZUCAR 220KV BP1,61.5475632013019,Norte,Coquimbo
2026-02-18 02:00:00,PMontt220,BA S/E PUERTO MONTT 220KV BP1,211.045615165403,Sur,Los Lagos
2026-02-18 02:00:00,Polpaico220,BA S/E POLPAICO (TRANSELEC) 220KV BP1,60.1112853798844,Centro,Metropolitana
2026-02-18 02:00:00,Quillota220,BA S/E QUILLOTA 220KV BP1-1,55.1018480253767,Centro,Valparaíso
2026-02-18 03:00:00,AJahuel220,BA S/E ALTO JAHUEL 220KV BP1,59.8196517866511,Centro,Metropolitana
2026-02-18 03:00:00,Cardones220,BA S/E CARDONES 220KV BP1-1,65.1256567508107,Norte,Atacama
2026-02-18 03:00:00,Charrua220,BA S/E CHARRUA 220KV BP1-1,57.8486065004151,Centro Sur,Biobío
2026-02-18 03:00:00,Crucero220,BA S/E CRUCERO 220KV BP1,69.7888848802264,Norte,Antofagasta
2026-02-18 03:00:00,PAzucar220,BA S/E PAN DE AZUCAR 220KV BP1,56.2469962630467,Norte,Coquimbo
2026-02-18 03:00:00,PMontt220,BA S/E PUERTO MONTT 220KV BP1,59.9018791028591,Sur,Los Lagos
2026-02-18 03:00:00,Polpaico220,BA S/E POLPAICO (TRANSELEC) 220KV BP1,62.0536285580108,Centro,Metropolitana
2026-02-18 03:00:00,Quillota220,BA S/E QUILLOTA 220KV BP1-1,59.013352353446,Centro,Valparaíso
2026-02-18 04:00:00,AJahuel220,BA S/E ALTO JAHUEL 220KV BP1,60.1053102559053,Centro,Metropolitana
2026-02-18 04:00:00,Cardones220,BA S/E CARDONES 220KV BP1-1,60.8318828871568,Norte,Atacama
2026-02-18 04:00:00,Charrua220,BA S/E CHARRUA 220KV BP1-1,54.2557211845982,Centro Sur,Biobío
2026-02-18 04:00:00,Crucero220,BA S/E CRUCERO 220KV BP1,69.4966078405879,Norte,Antofagasta
2026-02-18 04:00:00,PAzucar220,BA S/E PAN DE AZUCAR 220KV BP1,62.1954204557027,Norte,Coquimbo
2026-02-18 04:00:00,PMontt220,BA S/E PUERTO MONTT 220KV BP1,60.4648248746659,Sur,Los Lagos
2026-02-18 04:00:00,Polpaico220,BA S/E POLPAICO (TRANSELEC) 220KV BP1,54.9919283113227,Centro,Metropolitana
2026-02-18 04:00:00,Quillota220,BA S/E QUILLOTA 220KV BP1-1,58.7749281407627,Centro,Valparaíso
2026-02-18 05:00:00,AJahuel220,BA S/E ALTO JAHUEL 220KV BP1,57.03315676765,Centro,Metropolitana
2026-02-18 05:00:00,Cardones220,BA S/E CARDONES 220KV BP1-1,66.4269655965387,Norte,Atacama
2026-02-18 05:00:00,Charrua220,BA S/E CHARRUA 220KV BP1-1,60.2429626464344,Centro Sur,Biobío
2026-02-18 05:00:00,Crucero220,BA S/E CRUCERO 220KV BP1,65.0635618570567,Norte,Antofagasta
2026-02-18 05:00:00,PAzucar220,BA S/E PAN DE AZUCAR 220KV BP1,61.7638508574145,Norte,Coquimbo
2026-02-18 05:00:00,PMontt220,BA S/E PUERTO MONTT 220KV BP1,69.1493113212461,Sur,Los Lagos
2026-02-18 05:00:00,Polpaico220,BA S/E POLPAICO (TRANSELEC) 220KV BP1,59.5937570197711,Centro,Metropolitana
2026-02-18 05:00:00,Quillota220,BA S/E QUILLOTA 220KV BP1-1,58.7754690348505,Centro,Valparaíso
2026-02-18 06:00:00,AJahuel220,BA S/E ALTO JAHUEL 220KV BP1,61.1024315227547,Centro,Metropolitana
2026-02-18 06:00:00,Cardones220,BA S/E CARDONES 220KV BP1-1,66.3398585540237,Norte,Atacama
2026-02-18 06:00:00,Charrua220,BA S/E CHARRUA 220KV BP1-1,54.5740621953053,Centro Sur,Biobío
2026-02-18 06:00:00,Crucero220,BA S/E CRUCERO 220KV BP1,62.1377617416019,Norte,Antofagasta
2026-02-18 06:00:00,PAzucar220,BA S/E PAN DE AZUCAR 220KV BP1,56.2908913359707,Norte,Coquimbo
2026-02-18 06:00:00,PMontt220,BA S/E PUERTO MONTT 220KV BP1,60.9510206093284,Sur,Los Lagos
2026-02-18 06:00:00,Polpaico220,BA S/E POLPAICO (TRANSELEC) 220KV BP1,54.1976554171889,Centro,Metropolitana
2026-02-18 06:00:00,Quillota220,BA S/E QUILLOTA 220KV BP1-1,61.2130071996204,Centro,Valparaíso
2026-02-18 07:00:00,AJahuel220,BA S/E ALTO JAHUEL 220KV BP1,56.4747136543686,Centro,Metropolitana
2026-02-18 07:00:00,Cardones220,BA S/E CARDONES 220KV BP1-1,61.1630846791258,Norte,Atacama
2026-02-18 07:00:00,Charrua220,BA S/E CHARRUA 220KV BP1-1,58.6574396686265,Centro Sur,Biobío
2026-02-18 07:00:00,Crucero220,BA S/E CRUCERO 220KV BP1,62.0051336934284,Norte,Antofagasta
2026-02-18 07:00:00,PAzucar220,BA S/E PAN DE AZUCAR 220KV BP1,63.2233565868969,Norte,Coquimbo
2026-02-18 07:00:00,PMontt220,BA S/E PUERTO MONTT 220KV BP1,60.2638222208505,Sur,Los Lagos
2026-02-18 07:00:00,Polpaico220,BA S/E POLPAICO (TRANSELEC) 220KV BP1,61.4032395131779,Centro,Metropolitana
2026-02-18 07:00:00,Quillota220,BA S/E QUILLOTA 220KV BP1-1,60.6766367876458,Centro,Valparaíso
2026-02-18 08:00:00,AJahuel220,BA S/E ALTO JAHUEL 220KV BP1,44.8064630970351,Centro,Metropolitana
2026-02-18 08:00:00,Cardones220,BA S/E CARDONES 220KV BP1-1,39.4429321033847,Norte,Atacama
2026-02-18 08:00:00,Charrua220,BA S/E CHARRUA 220KV BP1-1,45.570862167855,Centro Sur,Biobío
2026-02-18 08:00:00,Crucero220,BA S/E CRUCERO 220KV BP1,51.8966531856399,Norte,Antofagasta
2026-02-18 08:00:00,PAzucar220,BA S/E PAN DE AZUCAR 220KV BP1,48.6912185563199,Norte,Coquimbo
2026-02-18 08:00:00,PMontt220,BA S/E PUERTO MONTT 220KV BP1,49.8914649434843,Sur,Los Lagos
2026-02-18 08:00:00,Polpaico220,BA S/E POLPAICO (TRANSELEC) 220KV BP1,47.2085716561527,Centro,Metropolitana
2026-02-18 08:00:00,Quillota220,BA S/E QUILLOTA 220KV BP1-1,46.622526498072,Centro,Valparaíso
2026-02-18 09:00:00,AJahuel220,BA S/E ALTO JAHUEL 220KV BP1,0.0,Centro,Metropolitana
2026-02-18 09:00:00,Cardones220,BA S/E CARDONES 220KV BP1-1,12.3244774797269,Norte,Atacama
2026-02-18 09:00:00,Charrua220,BA S/E CHARRUA 220KV BP1-1,0.0,Centro Sur,Biobío
2026-02-18 09:00:00,Crucero220,BA S/E CRUCERO 220KV BP1,0.0,Norte,Antofagasta
2026-02-18 09:00:00,PAzucar220,BA S/E PAN DE AZUCAR 220KV BP1,0.0,Norte,Coquimbo
2026-02-18 09:00:00,PMontt220,BA S/E PUERTO MONTT 220KV BP1,96.6795729150439,Sur,Los Lagos
2026-02-18 09:00:00,Polpaico220,BA S/E POLPAICO (TRANSELEC) 220KV BP1,11.1936446148563,Centro,Metropolitana
2026-02-18 09:00:00,Quillota220,BA S/E QUILLOTA 220KV BP1-1,0.0,Centro,Valparaíso
2026-02-18 10:00:00,AJahuel220,BA S/E ALTO JAHUEL 220KV BP1,0.0,Centro,Metropolitana
2026-02-18 10:00:00,Cardones220,BA S/E CARDONES 220KV BP1-1,0.0,Norte,Atacama
2026-02-18 10:00:00,Charrua220,BA S/E CHARRUA 220KV BP1-1,0.0,Centro Sur,Biobío
2026-02-18 10:00:00,Crucero220,BA S/E CRUCERO 220KV BP1,0.0,Norte,Antofagasta
2026-02-18 10:00:00,PAzucar220,BA S/E PAN DE AZUCAR 220KV BP1,0.0,Norte,Coquimbo
2026-02-18 10:00:00,PMontt220,BA S/E PUERTO MONTT 220KV BP1,58.6785582877624,Sur,Los Lagos
2026-02-18 10:00:00,Polpaico220,BA S/E POLPAICO (TRANSELEC) 220KV BP1,0.0,Centro,Metropolitana
2026-02-18 10:00:00,Quillota220,BA S/E QUILLOTA 220KV BP1-1,0.0,Centro,Valparaíso
2026-02-18 11:00:00,AJahuel220,BA S/E ALTO JAHUEL 220KV BP1,0.0,Centro,Metropolitana
2026-02-18 11:00:00,Cardones220,BA S/E CARDONES 220KV BP1-1,0.0,Norte,Atacama
2026-02-18 11:00:00,Charrua220,BA S/E CHARRUA 220KV BP1-1,0.0,Centro Sur,Biobío
2026-02-18 11:00:00,Crucero220,BA S/E CRUCERO 220KV BP1,0.0,Norte,Antofagasta
2026-02-18 11:00:00,PAzucar220,BA S/E PAN DE AZUCAR 220KV BP1,0.0,Norte,Coquimbo
2026-02-18 11:00:00,PMontt220,BA S/E PUERTO MONTT 220KV BP1,96.1136602790357,Sur,Los Lagos
2026-02-18 11:00:00,Polpaico220,BA S/E POLPAICO (TRANSELEC) 220KV BP1,0.0,Centro,Metropolitana
2026-02-18 11:00:00,Quillota220,BA S/E QUILLOTA 220KV BP1-1,0.0,Centro,Valparaíso
2026-02-18 12:00:00,AJahuel220,BA S/E ALTO JAHUEL 220KV BP1,0.0,Centro,Metropolitana
2026-02-18 12:00:00,Cardones220,BA S/E CARDONES 220KV BP1-1,0.0,Norte,Atacama
2026-02-18 12:00:00,Charrua220,BA S/E CHARRUA 220KV BP1-1,0.0,Centro Sur,Biobío
2026-02-18 12:00:00,Crucero220,BA S/E CRUCERO 220KV BP1,0.0,Norte,Antofagasta
2026-02-18 12:00:00,PAzucar220,BA S/E PAN DE AZUCAR 220KV BP1,0.0,Norte,Coquimbo
2026-02-18 12:00:00,PMontt220,BA S/E PUERTO MONTT 220KV BP1,58.8542454715429,Sur,Los Lagos
2026-02-18 12:00:00,Polpaico220,BA S/E POLPAICO (TRANSELEC) 220KV BP1,0.0,Centro,Metropolitana
2026-02-18 12:00:00,Quillota220,BA S/E QUILLOTA 220KV BP1-1,0.0,Centro,Valparaíso
2026-02-18 13:00:00,AJahuel220,BA S/E ALTO JAHUEL 220KV BP1,0.0,Centro,Metropolitana
2026-02-18 13:00:00,Cardones220,BA S/E CARDONES 220KV BP1-1,0.0,Norte,Atacama
2026-02-18 13:00:00,Charrua220,BA S/E CHARRUA 220KV BP1-1,0.0,Centro Sur,Biobío
2026-02-18 13:00:00,Crucero220,BA S/E CRUCERO 220KV BP1,0.0,Norte,Antofagasta
2026-02-18 13:00:00,PAzucar220,BA S/E PAN DE AZUCAR 220KV BP1,0.0,Norte,Coquimbo
2026-02-18 13:00:00,PMontt220,BA S/E PUERTO MONTT 220KV BP1,97.4518214412634,Sur,Los Lagos
2026-02-18 13:00:00,Polpaico220,BA S/E POLPAICO (TRANSELEC) 220KV BP1,0.0,Centro,Metropolitana
2026-02-18 13:00:00,Quillota220,BA S/E QUILLOTA 220KV BP1-1,0.0,Centro,Valparaíso
2026-02-18 14:00:00,AJahuel220,BA S/E ALTO JAHUEL 220KV BP1,0.0,Centro,Metropolitana
2026-02-18 14:00:00,Cardones220,BA S/E CARDONES 220KV BP1-1,0.0,Norte,Atacama
2026-02-18 14:00:00,Charrua220,BA S/E CHARRUA 220KV BP1-1,0.0,Centro Sur,Biobío
2026-02-18 14:00:00,Crucero220,BA S/E CRUCERO 220KV BP1,0.0,Norte,Antofagasta
2026-02-18 14:00:00,PAzucar220,BA S/E PAN DE AZUCAR 220KV BP1,0.0,Norte,Coquimbo
2026-02-18 14:00:00,PMontt220,BA S/E PUERTO MONTT 220KV BP1,59.2338626843131,Sur,Los Lagos
2026-02-18 14:00:00,Polpaico220,BA S/E POLPAICO (TRANSELEC) 220KV BP1,0.0,Centro,Metropolitana
2026-02-18 14:00:00,Quillota220,BA S/E QUILLOTA 220KV BP1-1,0.0,Centro,Valparaíso
2026-02-18 15:00:00,AJahuel220,BA S/E ALTO JAHUEL 220KV BP1,0.0,Centro,Metropolitana
2026-02-18 15:00:00,Cardones220,BA S/E CARDONES 220KV BP1-1,0.0,Norte,Atacama
2026-02-18 15:00:00,Charrua220,BA S/E CHARRUA 220KV BP1-1,0.0,Centro Sur,Biobío
2026-02-18 15:00:00,Crucero220,BA S/E CRUCERO 220KV BP1,0.0,Norte,Antofagasta
2026-02-18 15:00:00,PAzucar220,BA S/E PAN DE AZUCAR 220KV BP1,0.0,Norte,Coquimbo
2026-02-18 15:00:00,PMontt220,BA S/E PUERTO MONTT 220KV BP1,59.567696575914,Sur,Los Lagos
2026-02-18 15:00:00,Polpaico220,BA S/E POLPAICO (TRANSELEC) 220KV BP1,0.0,Centro,Metropolitana
2026-02-18 15:00:00,Quillota220,BA S/E QUILLOTA 220KV BP1-1,0.0,Centro,Valparaíso
2026-02-18 16:00:00,AJahuel220,BA S/E ALTO JAHUEL 220KV BP1,0.0,Centro,Metropolitana
2026-02-18 16:00:00,Cardones220,BA S/E CARDONES 220KV BP1-1,0.0,Norte,Atacama
2026-02-18 16:00:00,Charrua220,BA S/E CHARRUA 220KV BP1-1,0.0,Centro Sur,Biobío
2026-02-18 16:00:00,Crucero220,BA S/E CRUCERO 220KV BP1,0.0,Norte,Antofagasta
2026-02-18 16:00:00,PAzucar220,BA S/E PAN DE AZUCAR 220KV BP1,0.0,Norte,Coquimbo
2026-02-18 16:00:00,PMontt220,BA S/E PUERTO MONTT 220KV BP1,59.6082182743325,Sur,Los Lagos
2026-02-18 16:00:00,Polpaico220,BA S/E POLPAICO (TRANSELEC) 220KV BP1,0.0,Centro,Metropolitana
2026-02-18 16:00:00,Quillota220,BA S/E QUILLOTA 220KV BP1-1,0.0,Centro,Valparaíso
2026-02-18 17:00:00,AJahuel220,BA S/E ALTO JAHUEL 220KV BP1,0.0,Centro,Metropolitana
2026-02-18 17:00:00,Cardones220,BA S/E CARDONES 220KV BP1-1,0.0,Norte,Atacama
2026-02-18 17:00:00,Charrua220,BA S/E CHARRUA 220KV BP1-1,0.0,Centro Sur,Biobío
2026-02-18 17:00:00,Crucero220,BA S/E CRUCERO 220KV BP1,0.0,Norte,Antofagasta
2026-02-18 17:00:00,PAzucar220,BA S/E PAN DE AZUCAR 220KV BP1,0.0,Norte,Coquimbo
2026-02-18 17:00:00,PMontt220,BA S/E PUERTO MONTT 220KV BP1,59.6957344374295,Sur,Los Lagos
2026-02-18 17:00:00,Polpaico220,BA S/E POLPAICO (TRANSELEC) 220KV BP1,0.0,Centro,Metropolitana
2026-02-18 17:00:00,Quillota220,BA S/E QUILLOTA 220KV BP1-1,0.0,Centro,Valparaíso
2026-02-18 18:00:00,AJahuel220,BA S/E ALTO JAHUEL 220KV BP1,0.0,Centro,Metropolitana
2026-02-18 18:00:00,Cardones220,BA S/E CARDONES 220KV BP1-1,0.0,Norte,Atacama
2026-02-18 18:00:00,Charrua220,BA S/E CHARRUA 220KV BP1-1,0.0,Centro Sur,Biobío
2026-02-18 18:00:00,Crucero220,BA S/E CRUCERO 220KV BP1,0.0,Norte,Antofagasta
2026-02-18 18:00:00,PAzucar220,BA S/E PAN DE AZUCAR 220KV BP1,0.0,Norte,Coquimbo
2026-02-18 18:00:00,PMontt220,BA S/E PUERTO MONTT 220KV BP1,0.0,Sur,Los Lagos
2026-02-18 18:00:00,Polpaico220,BA S/E POLPAICO (TRANSELEC) 220KV BP1,0.0,Centro,Metropolitana
2026-02-18 18:00:00,Quillota220,BA S/E QUILLOTA 220KV BP1-1,0.0,Centro,Valparaíso
2026-02-18 19:00:00,AJahuel220,BA S/E ALTO JAHUEL 220KV BP1,40.0995053017289,Centro,Metropolitana
2026-02-18 19:00:00,Cardones220,BA S/E CARDONES 220KV BP1-1,44.9469639492534,Norte,Atacama
2026-02-18 19:00:00,Charrua220,BA S/E CHARRUA 220KV BP1-1,46.2123643601748,Centro Sur,Biobío
2026-02-18 19:00:00,Crucero220,BA S/E CRUCERO 220KV BP1,47.0244874204928,Norte,Antofagasta
2026-02-18 19:00:00,PAzucar220,BA S/E PAN DE AZUCAR 220KV BP1,38.3906135978547,Norte,Coquimbo
2026-02-18 19:00:00,PMontt220,BA S/E PUERTO MONTT 220KV BP1,51.4868000176063,Sur,Los Lagos
2026-02-18 19:00:00,Polpaico220,BA S/E POLPAICO (TRANSELEC) 220KV BP1,47.4866126645311,Centro,Metropolitana
2026-02-18 19:00:00,Quillota220,BA S/E QUILLOTA 220KV BP1-1,39.7657119159068,Centro,Valparaíso
2026-02-18 20:00:00,AJahuel220,BA S/E ALTO JAHUEL 220KV BP1,58.4806396641623,Centro,Metropolitana
2026-02-18 20:00:00,Cardones220,BA S/E CARDONES 220KV BP1-1,57.540141072389,Norte,Atacama
2026-02-18 20:00:00,Charrua220,BA S/E CHARRUA 220KV BP1-1,50.8062815143824,Centro Sur,Biobío
2026-02-18 20:00:00,Crucero220,BA S/E CRUCERO 220KV BP1,59.8937277744332,Norte,Antofagasta
2026-02-18 20:00:00,PAzucar220,BA S/E PAN DE AZUCAR 220KV BP1,51.0257261962407,Norte,Coquimbo
2026-02-18 20:00:00,PMontt220,BA S/E PUERTO MONTT 220KV BP1,60.5073220361971,Sur,Los Lagos
2026-02-18 20:00:00,Polpaico220,BA S/E POLPAICO (TRANSELEC) 220KV BP1,52.0668532867645,Centro,Metropolitana
2026-02-18 20:00:00,Quillota220,BA S/E QUILLOTA 220KV BP1-1,59.0970717930559,Centro,Valparaíso
2026-02-18 21:00:00,AJahuel220,BA S/E ALTO JAHUEL 220KV BP1,58.1404904203277,Centro,Metropolitana
2026-02-18 21:00:00,Cardones220,BA S/E CARDONES 220KV BP1-1,55.9100299649196,Norte,Atacama
2026-02-18 21:00:00,Charrua220,BA S/E CHARRUA 220KV BP1-1,57.4214878360391,Centro Sur,Biobío
2026-02-18 21:00:00,Crucero220,BA S/E CRUCERO 220KV BP1,54.2968864369564,Norte,Antofagasta
2026-02-18 21:00:00,PAzucar220,BA S/E PAN DE AZUCAR 220KV BP1,56.2160957162472,Norte,Coquimbo
2026-02-18 21:00:00,PMontt220,BA S/E PUERTO MONTT 220KV BP1,28.0293417779199,Sur,Los Lagos
2026-02-18 21:00:00,Polpaico220,BA S/E POLPAICO (TRANSELEC) 220KV BP1,57.7566042884733,Centro,Metropolitana
2026-02-18 21:00:00,Quillota220,BA S/E QUILLOTA 220KV BP1-1,57.0579863041651,Centro,Valparaíso
2026-02-18 22:00:00,AJahuel220,BA S/E ALTO JAHUEL 220KV BP1,59.7117396950874,Centro,Metropolitana
2026-02-18 22:00:00,Cardones220,BA S/E CARDONES 220KV BP1-1,53.6856490992359,Norte,Atacama
2026-02-18 22:00:00,Charrua220,BA S/E CHARRUA 220KV BP1-1,51.8689050316838,Centro Sur,Biobío
2026-02-18 22:00:00,Crucero220,BA S/E CRUCERO 220KV BP1,58.1851532678851,Norte,Antofagasta
2026-02-18 22:00:00,PAzucar220,BA S/E PAN DE AZUCAR 220KV BP1,57.2475660681487,Norte,Coquimbo
2026-02-18 22:00:00,PMontt220,BA S/E PUERTO MONTT 220KV BP1,63.1132567738899,Sur,Los Lagos
2026-02-18 22:00:00,Polpaico220,BA S/E POLPAICO (TRANSELEC) 220KV BP1,58.0408426813484,Centro,Metropolitana
2026-02-18 22:00:00,Quillota220,BA S/E QUILLOTA 220KV BP1-1,57.2390946821358,Centro,Valparaíso
2026-02-18 23:00:00,AJahuel220,BA S/E ALTO JAHUEL 220KV BP1,58.44048142984,Centro,Metropolitana
2026-02-18 23:00:00,Cardones220,BA S/E CARDONES 220KV BP1-1,62.179482796561,Norte,Atacama
2026-02-18 23:00:00,Charrua220,BA S/E CHARRUA 220KV BP1-1,58.7709708894093,Centro Sur,Biobío
2026-02-18 23:00:00,Crucero220,BA S/E CRUCERO 220KV BP1,56.0701979681575,Norte,Antofagasta
2026-02-18 23:00:00,PAzucar220,BA S/E PAN DE AZUCAR 220KV BP1,51.9875076656077,Norte,Coquimbo
2026-02-18 23:00:00,PMontt220,BA S/E PUERTO MONTT 220KV BP1,32.374705038854,Sur,Los Lagos
2026-02-18 23:00:00,Polpaico220,BA S/E POLPAICO (TRANSELEC) 220KV BP1,59.6387140559951,Centro,Metropolitana
2026-02-18 23:00:00,Quillota220,BA S/E QUILLOTA 220KV BP1-1,51.5582338108982,Centro,Valparaíso
2026-02-19 00:00:00,AJahuel220,BA S/E ALTO JAHUEL 220KV BP1,64.567194401408,Centro,Metropolitana
2026-02-19 00:00:00,Cardones220,BA S/E CARDONES 220KV BP1-1,59.2221123374943,Norte,Atacama
2026-02-19 00:00:00,Charrua220,BA S/E CHARRUA 220KV BP1-1,52.2115899798142,Centro Sur,Biobío
2026-02-19 00:00:00,Crucero220,BA S/E CRUCERO 220KV BP1,58.4420402096665,Norte,Antofagasta
2026-02-19 00:00:00,PAzucar220,BA S/E PAN DE AZUCAR 220KV BP1,55.0797289738749,Norte,Coquimbo
2026-02-19 00:00:00,PMontt220,BA S/E PUERTO MONTT 220KV BP1,26.4828499011608,Sur,Los Lagos
2026-02-19 00:00:00,Polpaico220,BA S/E POLPAICO (TRANSELEC) 220KV BP1,54.1517857097734,Centro,Metropolitana
2026-02-19 00:00:00,Quillota220,BA S/E QUILLOTA 220KV BP1-1,55.8226729278719,Centro,Valparaíso
2026-02-19 01:00:00,AJahuel220,BA S/E ALTO JAHUEL 220KV BP1,55.7182449987422,Centro,Metropolitana
2026-02-19 01:00:00,Cardones220,BA S/E CARDONES 220KV BP1-1,68.823355236592,Norte,Atacama
2026-02-19 01:00:00,Charrua220,BA S/E CHARRUA 220KV BP1-1,58.7884580481954,Centro Sur,Biobío
2026-02-19 01:00:00,Crucero220,BA S/E CRUCERO 220KV BP1,62.2703580432906,Norte,Antofagasta
2026-02-19 01:00:00,PAzucar220,BA S/E PAN DE AZUCAR 220KV BP1,55.511195204375,Norte,Coquimbo
2026-02-19 01:00:00,PMontt220,BA S/E PUERTO MONTT 220KV BP1,21.2948068575658,Sur,Los Lagos
2026-02-19 01:00:00,Polpaico220,BA S/E POLPAICO (TRANSELEC) 220KV BP1,64.4328360413443,Centro,Metropolitana
2026-02-19 01:00:00,Quillota220,BA S/E QUILLOTA 220KV BP1-1,55.6807180278632,Centro,Valparaíso
2026-02-19 02:00:00,AJahuel220,BA S/E ALTO JAHUEL 220KV BP1,49.52699023758,Centro,Metropolitana
2026-02-19 02:00:00,Cardones220,BA S/E CARDONES 220KV BP1-1,64.8520086216803,Norte,Atacama
2026-02-19 02:00:00,Charrua220,BA S/E CHARRUA 220KV BP1-1,58.8339458404364,Centro Sur,Biobío
2026-02-19 02:00:00,Crucero220,BA S/E CRUCERO 220KV BP1,57.2675060223296,Norte,Antofagasta
2026-02-19 02:00:00,PAzucar220,BA S/E PAN DE AZUCAR 220KV BP1,55.6615543080996,Norte,Coquimbo
2026-02-19 02:00:00,PMontt220,BA S/E PUERTO MONTT 220KV BP1,17.7006585796279,Sur,Los Lagos
2026-02-19 02:00:00,Polpaico220,BA S/E POLPAICO (TRANSELEC) 220KV BP1,54.3529052969613,Centro,Metropolitana
2026-02-19 02:00:00,Quillota220,BA S/E QUILLOTA 220KV BP1-1,53.525666126969,Centro,Valparaíso
2026-02-19 03:00:00,AJahuel220,BA S/E ALTO JAHUEL 220KV BP1,54.3084386987734,Centro,Metropolitana
2026-02-19 03:00:00,Cardones220,BA S/E CARDONES 220KV BP1-1,53.7063982826815,Norte,Atacama
2026-02-19 03:00:00,Charrua220,BA S/E CHARRUA 220KV BP1-1,58.2804492608962,Centro Sur,Biobío
2026-02-19 03:00:00,Crucero220,BA S/E CRUCERO 220KV BP1,63.2106760904303,Norte,Antofagasta
2026-02-19 03:00:00,PAzucar220,BA S/E PAN DE AZUCAR 220KV BP1,51.0574451128881,Norte,Coquimbo
2026-02-19 03:00:00,PMontt220,BA S/E PUERTO MONTT 220KV BP1,16.1774826889253,Sur,Los Lagos
2026-02-19 03:00:00,Polpaico220,BA S/E POLPAICO (TRANSELEC) 220KV BP1,60.8674251579071,Centro,Metropolitana
2026-02-19 03:00:00,Quillota220,BA S/E QUILLOTA 220KV BP1-1,53.5263649800498,Centro,Valparaíso
2026-02-19 04:00:00,AJahuel220,BA S/E ALTO JAHUEL 220KV BP1,56.4079998425527,Centro,Metropolitana
2026-02-19 04:00:00,Cardones220,BA S/E CARDONES 220KV BP1-1,59.1014845566418,Norte,Atacama
2026-02-19 04:00:00,Charrua220,BA S/E CHARRUA 220KV BP1-1,52.6004723054813,Centro Sur,Biobío
2026-02-19 04:00:00,Crucero220,BA S/E CRUCERO 220KV BP1,62.1760574087581,Norte,Antofagasta
2026-02-19 04:00:00,PAzucar220,BA S/E PAN DE AZUCAR 220KV BP1,62.3205307814304,Norte,Coquimbo
2026-02-19 04:00:00,PMontt220,BA S/E PUERTO MONTT 220KV BP1,26.6302366937854,Sur,Los Lagos
2026-02-19 04:00:00,Polpaico220,BA S/E POLPAICO (TRANSELEC) 220KV BP1,54.6010525397435,Centro,Metropolitana
2026-02-19 04:00:00,Quillota220,BA S/E QUILLOTA 220KV BP1-1,60.1612241251312,Centro,Valparaíso
2026-02-19 05:00:00,AJahuel220,BA S/E ALTO JAHUEL 220KV BP1,64.394234262737,Centro,Metropolitana
2026-02-19 05:00:00,Cardones220,BA S/E CARDONES 220KV BP1-1,69.2510370849465,Norte,Atacama
2026-02-19 05:00:00,Charrua220,BA S/E CHARRUA 220KV BP1-1,54.5019184900583,Centro Sur,Biobío
2026-02-19 05:00:00,Crucero220,BA S/E CRUCERO 220KV BP1,73.3739602225242,Norte,Antofagasta
2026-02-19 05:00:00,PAzucar220,BA S/E PAN DE AZUCAR 220KV BP1,55.8488283765165,Norte,Coquimbo
2026-02-19 05:00:00,PMontt220,BA S/E PUERTO MONTT 220KV BP1,23.0937268678848,Sur,Los Lagos
2026-02-19 05:00:00,Polpaico220,BA S/E POLPAICO (TRANSELEC) 220KV BP1,64.3987980334481,Centro,Metropolitana
2026-02-19 05:00:00,Quillota220,BA S/E QUILLOTA 220KV BP1-1,60.6493603089213,Centro,Valparaíso
2026-02-19 06:00:00,AJahuel220,BA S/E ALTO JAHUEL 220KV BP1,61.180163510345,Centro,Metropolitana
2026-02-19 06:00:00,Cardones220,BA S/E CARDONES 220KV BP1-1,67.7812341342464,Norte,Atacama
2026-02-19 06:00:00,Charrua220,BA S/E CHARRUA 220KV BP1-1,51.9062369477801,Centro Sur,Biobío
2026-02-19 06:00:00,Crucero220,BA S/E CRUCERO 220KV BP1,67.0252456101173,Norte,Antofagasta
2026-02-19 06:00:00,PAzucar220,BA S/E PAN DE AZUCAR 220KV BP1,65.7127193154583,Norte,Coquimbo
2026-02-19 06:00:00,PMontt220,BA S/E PUERTO MONTT 220KV BP1,11.0799970723331,Sur,Los Lagos
2026-02-19 06:00:00,Polpaico220,BA S/E POLPAICO (TRANSELEC) 220KV BP1,64.2867741354383,Centro,Metropolitana
2026-02-19 06:00:00,Quillota220,BA S/E QUILLOTA 220KV BP1-1,55.5137318801828,Centro,Valparaíso
2026-02-19 07:00:00,AJahuel220,BA S/E ALTO JAHUEL 220KV BP1,61.133150086498,Centro,Metropolitana
2026-02-19 07:00:00,Cardones220,BA S/E CARDONES 220KV BP1-1,59.4749933765374,Norte,Atacama
2026-02-19 07:00:00,Charrua220,BA S/E CHARRUA 220KV BP1-1,62.0280514033132,Centro Sur,Biobío
2026-02-19 07:00:00,Crucero220,BA S/E CRUCERO 220KV BP1,58.9106834445715,Norte,Antofagasta
2026-02-19 07:00:00,PAzucar220,BA S/E PAN DE AZUCAR 220KV BP1,55.1943009276498,Norte,Coquimbo
2026-02-19 07:00:00,PMontt220,BA S/E PUERTO MONTT 220KV BP1,32.3021423970245,Sur,Los Lagos
2026-02-19 07:00:00,Polpaico220,BA S/E POLPAICO (TRANSELEC) 220KV BP1,53.8770563419096,Centro,Metropolitana
2026-02-19 07:00:00,Quillota220,BA S/E QUILLOTA 220KV BP1-1,60.6586177200739,Centro,Valparaíso
2026-02-19 08:00:00,AJahuel220,BA S/E ALTO JAHUEL 220KV BP1,46.9228238434007,Centro,Metropolitana
2026-02-19 08:00:00,Cardones220,BA S/E CARDONES 220KV BP1-1,45.4003360731315,Norte,Atacama
2026-02-19 08:00:00,Charrua220,BA S/E CHARRUA 220KV BP1-1,45.4443356603526,Centro Sur,Biobío
2026-02-19 08:00:00,Crucero220,BA S/E CRUCERO 220KV BP1,39.4400800516095,Norte,Antofagasta
2026-02-19 08:00:00,PAzucar220,BA S/E PAN DE AZUCAR 220KV BP1,46.9828841286113,Norte,Coquimbo
2026-02-19 08:00:00,PMontt220,BA S/E PUERTO MONTT 220KV BP1,8.89481411919261,Sur,Los Lagos
2026-02-19 08:00:00,Polpaico220,BA S/E POLPAICO (TRANSELEC) 220KV BP1,46.9595875148086,Centro,Metropolitana
2026-02-19 08:00:00,Quillota220,BA S/E QUILLOTA 220KV BP1-1,45.0018447379767,Centro,Valparaíso
2026-02-19 09:00:00,AJahuel220,BA S/E ALTO JAHUEL 220KV BP1,0.0,Centro,Metropolitana
2026-02-19 09:00:00,Cardones220,BA S/E CARDONES 220KV BP1-1,0.0,Norte,Atacama
2026-02-19 09:00:00,Charrua220,BA S/E CHARRUA 220KV BP1-1,0.0,Centro Sur,Biobío
2026-02-19 09:00:00,Crucero220,BA S/E CRUCERO 220KV BP1,0.0,Norte,Antofagasta
2026-02-19 09:00:00,PAzucar220,BA S/E PAN DE AZUCAR 220KV BP1,0.0,Norte,Coquimbo
2026-02-19 09:00:00,PMontt220,BA S/E PUERTO MONTT 220KV BP1,41.6187390852346,Sur,Los Lagos
2026-02-19 09:00:00,Polpaico220,BA S/E POLPAICO (TRANSELEC) 220KV BP1,0.0,Centro,Metropolitana
2026-02-19 09:00:00,Quillota220,BA S/E QUILLOTA 220KV BP1-1,0.0,Centro,Valparaíso
2026-02-19 10:00:00,AJahuel220,BA S/E ALTO JAHUEL 220KV BP1,0.0,Centro,Metropolitana
2026-02-19 10:00:00,Cardones220,BA S/E CARDONES 220KV BP1-1,0.0,Norte,Atacama
2026-02-19 10:00:00,Charrua220,BA S/E CHARRUA 220KV BP1-1,0.0,Centro Sur,Biobío
2026-02-19 10:00:00,Crucero220,BA S/E CRUCERO 220KV BP1,0.0,Norte,Antofagasta
2026-02-19 10:00:00,PAzucar220,BA S/E PAN DE AZUCAR 220KV BP1,0.0,Norte,Coquimbo
2026-02-19 10:00:00,PMontt220,BA S/E PUERTO MONTT 220KV BP1,58.8485882249554,Sur,Los Lagos
2026-02-19 10:00:00,Polpaico220,BA S/E POLPAICO (TRANSELEC) 220KV BP1,0.0,Centro,Metropolitana
2026-02-19 10:00:00,Quillota220,BA S/E QUILLOTA 220KV BP1-1,0.0,Centro,Valparaíso
2026-02-19 11:00:00,AJahuel220,BA S/E ALTO JAHUEL 220KV BP1,0.0,Centro,Metropolitana
2026-02-19 11:00:00,Cardones220,BA S/E CARDONES 220KV BP1-1,0.0,Norte,Atacama
2026-02-19 11:00:00,Charrua220,BA S/E CHARRUA 220KV BP1-1,0.0,Centro Sur,Biobío
2026-02-19 11:00:00,Crucero220,BA S/E CRUCERO 220KV BP1,0.0,Norte,Antofagasta
2026-02-19 11:00:00,PAzucar220,BA S/E PAN DE AZUCAR 220KV BP1,0.0,Norte,Coquimbo
2026-02-19 11:00:00,PMontt220,BA S/E PUERTO MONTT 220KV BP1,58.8788938184421,Sur,Los Lagos
2026-02-19 11:00:00,Polpaico220,BA S/E POLPAICO (TRANSELEC) 220KV BP1,0.0,Centro,Metropolitana
2026-02-19 11:00:00,Quillota220,BA S/E QUILLOTA 220KV BP1-1,0.0,Centro,Valparaíso
2026-02-19 12:00:00,AJahuel220,BA S/E ALTO JAHUEL 220KV BP1,0.0,Centro,Metropolitana
2026-02-19 12:00:00,Cardones220,BA S/E CARDONES 220KV BP1-1,0.0,Norte,Atacama
2026-02-19 12:00:00,Charrua220,BA S/E CHARRUA 220KV BP1-1,0.0,Centro Sur,Biobío
2026-02-19 12:00:00,Crucero220,BA S/E CRUCERO 220KV BP1,0.0,Norte,Antofagasta
2026-02-19 12:00:00,PAzucar220,BA S/E PAN DE AZUCAR 220KV BP1,0.0,Norte,Coquimbo
2026-02-19 12:00:00,PMontt220,BA S/E PUERTO MONTT 220KV BP1,59.3402064102056,Sur,Los Lagos
2026-02-19 12:00:00,Polpaico220,BA S/E POLPAICO (TRANSELEC) 220KV BP1,0.0,Centro,Metropolitana
2026-02-19 12:00:00,Quillota220,BA S/E QUILLOTA 220KV BP1-1,0.0,Centro,Valparaíso
2026-02-19 13:00:00,AJahuel220,BA S/E ALTO JAHUEL 220KV BP1,0.0,Centro,Metropolitana
2026-02-19 13:00:00,Cardones220,BA S/E CARDONES 220KV BP1-1,0.0,Norte,Atacama
2026-02-19 13:00:00,Charrua220,BA S/E CHARRUA 220KV BP1-1,0.0,Centro Sur,Biobío
2026-02-19 13:00:00,Crucero220,BA S/E CRUCERO 220KV BP1,0.0,Norte,Antofagasta
2026-02-19 13:00:00,PAzucar220,BA S/E PAN DE AZUCAR 220KV BP1,0.0,Norte,Coquimbo
2026-02-19 13:00:00,PMontt220,BA S/E PUERTO MONTT 220KV BP1,59.5544118550775,Sur,Los Lagos
2026-02-19 13:00:00,Polpaico220,BA S/E POLPAICO (TRANSELEC) 220KV BP1,0.0,Centro,Metropolitana
2026-02-19 13:00:00,Quillota220,BA S/E QUILLOTA 220KV BP1-1,0.0,Centro,Valparaíso
2026-02-19 14:00:00,AJahuel220,BA S/E ALTO JAHUEL 220KV BP1,0.0,Centro,Metropolitana
2026-02-19 14:00:00,Cardones220,BA S/E CARDONES 220KV BP1-1,0.0,Norte,Atacama
2026-02-19 14:00:00,Charrua220,BA S/E CHARRUA 220KV BP1-1,0.0,Centro Sur,Biobío
2026-02-19 14:00:00,Crucero220,BA S/E CRUCERO 220KV BP1,0.0,Norte,Antofagasta
2026-02-19 14:00:00,PAzucar220,BA S/E PAN DE AZUCAR 220KV BP1,0.0,Norte,Coquimbo
2026-02-19 14:00:00,PMontt220,BA S/E PUERTO MONTT 220KV BP1,59.4133742853894,Sur,Los Lagos
2026-02-19 14:00:00,Polpaico220,BA S/E POLPAICO (TRANSELEC) 220KV BP1,0.0,Centro,Metropolitana
2026-02-19 14:00:00,Quillota220,BA S/E QUILLOTA 220KV BP1-1,0.0,Centro,Valparaíso
2026-02-19 15:00:00,AJahuel220,BA S/E ALTO JAHUEL 220KV BP1,0.0,Centro,Metropolitana
2026-02-19 15:00:00,Cardones220,BA S/E CARDONES 220KV BP1-1,0.0,Norte,Atacama
2026-02-19 15:00:00,Charrua220,BA S/E CHARRUA 220KV BP1-1,0.0,Centro Sur,Biobío
2026-02-19 15:00:00,Crucero220,BA S/E CRUCERO 220KV BP1,0.0,Norte,Antofagasta
2026-02-19 15:00:00,PAzucar220,BA S/E PAN DE AZUCAR 220KV BP1,0.0,Norte,Coquimbo
2026-02-19 15:00:00,PMontt220,BA S/E PUERTO MONTT 220KV BP1,58.2003950686587,Sur,Los Lagos
2026-02-19 15:00:00,Polpaico220,BA S/E POLPAICO (TRANSELEC) 220KV BP1,0.0,Centro,Metropolitana
2026-02-19 15:00:00,Quillota220,BA S/E QUILLOTA 220KV BP1-1,0.0,Centro,Valparaíso
2026-02-19 16:00:00,AJahuel220,BA S/E ALTO JAHUEL 220KV BP1,0.0,Centro,Metropolitana
2026-02-19 16:00:00,Cardones220,BA S/E CARDONES 220KV BP1-1,0.0,Norte,Atacama
2026-02-19 16:00:00,Charrua220,BA S/E CHARRUA 220KV BP1-1,0.0,Centro Sur,Biobío
2026-02-19 16:00:00,Crucero220,BA S/E CRUCERO 220KV BP1,0.0,Norte,Antofagasta
2026-02-19 16:00:00,PAzucar220,BA S/E PAN DE AZUCAR 220KV BP1,0.0,Norte,Coquimbo
2026-02-19 16:00:00,PMontt220,BA S/E PUERTO MONTT 220KV BP1,41.2581727710397,Sur,Los Lagos
2026-02-19 16:00:00,Polpaico220,BA S/E POLPAICO (TRANSELEC) 220KV BP1,0.0,Centro,Metropolitana
2026-02-19 16:00:00,Quillota220,BA S/E QUILLOTA 220KV BP1-1,0.0,Centro,Valparaíso
2026-02-19 17:00:00,AJahuel220,BA S/E ALTO JAHUEL 220KV BP1,0.0,Centro,Metropolitana
2026-02-19 17:00:00,Cardones220,BA S/E CARDONES 220KV BP1-1,0.0,Norte,Atacama
2026-02-19 17:00:00,Charrua220,BA S/E CHARRUA 220KV BP1-1,0.0,Centro Sur,Biobío
2026-02-19 17:00:00,Crucero220,BA S/E CRUCERO 220KV BP1,0.0,Norte,Antofagasta
2026-02-19 17:00:00,PAzucar220,BA S/E PAN DE AZUCAR 220KV BP1,0.0,Norte,Coquimbo
2026-02-19 17:00:00,PMontt220,BA S/E PUERTO MONTT 220KV BP1,0.0,Sur,Los Lagos
2026-02-19 17:00:00,Polpaico220,BA S/E POLPAICO (TRANSELEC) 220KV BP1,0.0,Centro,Metropolitana
2026-02-19 17:00:00,Quillota220,BA S/E QUILLOTA 220KV BP1-1,0.0,Centro,Valparaíso
2026-02-19 18:00:00,AJahuel220,BA S/E ALTO JAHUEL 220KV BP1,0.0,Centro,Metropolitana
2026-02-19 18:00:00,Cardones220,BA S/E CARDONES 220KV BP1-1,0.0,Norte,Atacama
2026-02-19 18:00:00,Charrua220,BA S/E CHARRUA 220KV BP1-1,0.0,Centro Sur,Biobío
2026-02-19 18:00:00,Crucero220,BA S/E CRUCERO 220KV BP1,0.0,Norte,Antofagasta
2026-02-19 18:00:00,PAzucar220,BA S/E PAN DE AZUCAR 220KV BP1,0.0,Norte,Coquimbo
2026-02-19 18:00:00,PMontt220,BA S/E PUERTO MONTT 220KV BP1,0.0,Sur,Los Lagos
2026-02-19 18:00:00,Polpaico220,BA S/E POLPAICO (TRANSELEC) 220KV BP1,0.0,Centro,Metropolitana
2026-02-19 18:00:00,Quillota220,BA S/E QUILLOTA 220KV BP1-1,0.0,Centro,Valparaíso
2026-02-19 19:00:00,AJahuel220,BA S/E ALTO JAHUEL 220KV BP1,49.6800723439247,Centro,Metropolitana
2026-02-19 19:00:00,Cardones220,BA S/E CARDONES 220KV BP1-1,48.1995522228142,Norte,Atacama
2026-02-19 19:00:00,Charrua220,BA S/E CHARRUA 220KV BP1-1,48.9614363051316,Centro Sur,Biobío
2026-02-19 19:00:00,Crucero220,BA S/E CRUCERO 220KV BP1,49.2952671937275,Norte,Antofagasta
2026-02-19 19:00:00,PAzucar220,BA S/E PAN DE AZUCAR 220KV BP1,49.7225005293859,Norte,Coquimbo
2026-02-19 19:00:00,PMontt220,BA S/E PUERTO MONTT 220KV BP1,50.2417129002526,Sur,Los Lagos
2026-02-19 19:00:00,Polpaico220,BA S/E POLPAICO (TRANSELEC) 220KV BP1,50.4183463306382,Centro,Metropolitana
2026-02-19 19:00:00,Quillota220,BA S/E QUILLOTA 220KV BP1-1,49.6394672597063,Centro,Valparaíso
2026-02-19 20:00:00,AJahuel220,BA S/E ALTO JAHUEL 220KV BP1,61.6220601154598,Centro,Metropolitana
2026-02-19 20:00:00,Cardones220,BA S/E CARDONES 220KV BP1-1,61.5325175815385,Norte,Atacama
2026-02-19 20:00:00,Charrua220,BA S/E CHARRUA 220KV BP1-1,54.1375469501462,Centro Sur,Biobío
2026-02-19 20:00:00,Crucero220,BA S/E CRUCERO 220KV BP1,65.1075606407755,Norte,Antofagasta
2026-02-19 20:00:00,PAzucar220,BA S/E PAN DE AZUCAR 220KV BP1,70.5724617234848,Norte,Coquimbo
2026-02-19 20:00:00,PMontt220,BA S/E PUERTO MONTT 220KV BP1,36.8215793297728,Sur,Los Lagos
2026-02-19 20:00:00,Polpaico220,BA S/E POLPAICO (TRANSELEC) 220KV BP1,62.9325094471852,Centro,Metropolitana
2026-02-19 20:00:00,Quillota220,BA S/E QUILLOTA 220KV BP1-1,62.1922967314871,Centro,Valparaíso
2026-02-19 21:00:00,AJahuel220,BA S/E ALTO JAHUEL 220KV BP1,56.288365965759,Centro,Metropolitana
2026-02-19 21:00:00,Cardones220,BA S/E CARDONES 220KV BP1-1,61.7196742388446,Norte,Atacama
2026-02-19 21:00:00,Charrua220,BA S/E CHARRUA 220KV BP1-1,53.7848635437631,Centro Sur,Biobío
2026-02-19 21:00:00,Crucero220,BA S/E CRUCERO 220KV BP1,64.695305276509,Norte,Antofagasta
2026-02-19 21:00:00,PAzucar220,BA S/E PAN DE AZUCAR 220KV BP1,62.2922099237031,Norte,Coquimbo
2026-02-19 21:00:00,PMontt220,BA S/E PUERTO MONTT 220KV BP1,38.8877862293009,Sur,Los Lagos
2026-02-19 21:00:00,Polpaico220,BA S/E POLPAICO (TRANSELEC) 220KV BP1,71.9174558513012,Centro,Metropolitana
2026-02-19 21:00:00,Quillota220,BA S/E QUILLOTA 220KV BP1-1,62.2789445085228,Centro,Valparaíso
2026-02-19 22:00:00,AJahuel220,BA S/E ALTO JAHUEL 220KV BP1,72.2688725227132,Centro,Metropolitana
2026-02-19 22:00:00,Cardones220,BA S/E CARDONES 220KV BP1-1,62.2060617787497,Norte,Atacama
2026-02-19 22:00:00,Charrua220,BA S/E CHARRUA 220KV BP1-1,69.1484636194554,Centro Sur,Biobío
2026-02-19 22:00:00,Crucero220,BA S/E CRUCERO 220KV BP1,64.8828407749692,Norte,Antofagasta
2026-02-19 22:00:00,PAzucar220,BA S/E PAN DE AZUCAR 220KV BP1,55.8913438204009,Norte,Coquimbo
2026-02-19 22:00:00,PMontt220,BA S/E PUERTO MONTT 220KV BP1,63.1921255537943,Sur,Los Lagos
2026-02-19 22:00:00,Polpaico220,BA S/E POLPAICO (TRANSELEC) 220KV BP1,72.1467661584707,Centro,Metropolitana
2026-02-19 22:00:00,Quillota220,BA S/E QUILLOTA 220KV BP1-1,71.2405859057496,Centro,Valparaíso
2026-02-19 23:00:00,AJahuel220,BA S/E ALTO JAHUEL 220KV BP1,63.0127423292486,Centro,Metropolitana
2026-02-19 23:00:00,Cardones220,BA S/E CARDONES 220KV BP1-1,57.2223523564218,Norte,Atacama
2026-02-19 23:00:00,Charrua220,BA S/E CHARRUA 220KV BP1-1,53.6388055564133,Centro Sur,Biobío
2026-02-19 23:00:00,Crucero220,BA S/E CRUCERO 220KV BP1,67.3420883657667,Norte,Antofagasta
2026-02-19 23:00:00,PAzucar220,BA S/E PAN DE AZUCAR 220KV BP1,63.5695921727941,Norte,Coquimbo
2026-02-19 23:00:00,PMontt220,BA S/E PUERTO MONTT 220KV BP1,40.5776838304343,Sur,Los Lagos
2026-02-19 23:00:00,Polpaico220,BA S/E POLPAICO (TRANSELEC) 220KV BP1,61.2515665723562,Centro,Metropolitana
2026-02-19 23:00:00,Quillota220,BA S/E QUILLOTA 220KV BP1-1,60.3499979529373,Centro,Valparaíso
2026-02-20 00:00:00,AJahuel220,BA S/E ALTO JAHUEL 220KV BP1,55.937135852601,Centro,Metropolitana
2026-02-20 00:00:00,Cardones220,BA S/E CARDONES 220KV BP1-1,59.2813658345356,Norte,Atacama
2026-02-20 00:00:00,Charrua220,BA S/E CHARRUA 220KV BP1-1,67.1510806588919,Centro Sur,Biobío
2026-02-20 00:00:00,Crucero220,BA S/E CRUCERO 220KV BP1,62.2874422387571,Norte,Antofagasta
2026-02-20 00:00:00,PAzucar220,BA S/E PAN DE AZUCAR 220KV BP1,57.6048947776621,Norte,Coquimbo
2026-02-20 00:00:00,PMontt220,BA S/E PUERTO MONTT 220KV BP1,24.7385267505707,Sur,Los Lagos
2026-02-20 00:00:00,Polpaico220,BA S/E POLPAICO (TRANSELEC) 220KV BP1,61.2739069181977,Centro,Metropolitana
2026-02-20 00:00:00,Quillota220,BA S/E QUILLOTA 220KV BP1-1,54.3581010893291,Centro,Valparaíso
2026-02-20 01:00:00,AJahuel220,BA S/E ALTO JAHUEL 220KV BP1,69.7173638057365,Centro,Metropolitana
2026-02-20 01:00:00,Cardones220,BA S/E CARDONES 220KV BP1-1,60.2082521323049,Norte,Atacama
2026-02-20 01:00:00,Charrua220,BA S/E CHARRUA 220KV BP1-1,59.6220932076568,Centro Sur,Biobío
2026-02-20 01:00:00,Crucero220,BA S/E CRUCERO 220KV BP1,62.8529564329448,Norte,Antofagasta
2026-02-20 01:00:00,PAzucar220,BA S/E PAN DE AZUCAR 220KV BP1,58.1199215366978,Norte,Coquimbo
2026-02-20 01:00:00,PMontt220,BA S/E PUERTO MONTT 220KV BP1,54.2288888465318,Sur,Los Lagos
2026-02-20 01:00:00,Polpaico220,BA S/E POLPAICO (TRANSELEC) 220KV BP1,55.0172407645812,Centro,Metropolitana
2026-02-20 01:00:00,Quillota220,BA S/E QUILLOTA 220KV BP1-1,55.7750813419988,Centro,Valparaíso
2026-02-20 02:00:00,AJahuel220,BA S/E ALTO JAHUEL 220KV BP1,61.3174708650152,Centro,Metropolitana
2026-02-20 02:00:00,Cardones220,BA S/E CARDONES 220KV BP1-1,74.5635072891634,Norte,Atacama
2026-02-20 02:00:00,Charrua220,BA S/E CHARRUA 220KV BP1-1,66.9580668026416,Centro Sur,Biobío
2026-02-20 02:00:00,Crucero220,BA S/E CRUCERO 220KV BP1,63.4085705246275,Norte,Antofagasta
2026-02-20 02:00:00,PAzucar220,BA S/E PAN DE AZUCAR 220KV BP1,57.470030027309,Norte,Coquimbo
2026-02-20 02:00:00,PMontt220,BA S/E PUERTO MONTT 220KV BP1,16.2086868990498,Sur,Los Lagos
2026-02-20 02:00:00,Polpaico220,BA S/E POLPAICO (TRANSELEC) 220KV BP1,69.7401040887337,Centro,Metropolitana
2026-02-20 02:00:00,Quillota220,BA S/E QUILLOTA 220KV BP1-1,55.7750813419988,Centro,Valparaíso
2026-02-20 03:00:00,AJahuel220,BA S/E ALTO JAHUEL 220KV BP1,55.2282803129831,Centro,Metropolitana
2026-02-20 03:00:00,Cardones220,BA S/E CARDONES 220KV BP1-1,59.5699170010293,Norte,Atacama
2026-02-20 03:00:00,Charrua220,BA S/E CHARRUA 220KV BP1-1,52.498555910075,Centro Sur,Biobío
2026-02-20 03:00:00,Crucero220,BA S/E CRUCERO 220KV BP1,78.8403981533497,Norte,Antofagasta
2026-02-20 03:00:00,PAzucar220,BA S/E PAN DE AZUCAR 220KV BP1,57.5500002633055,Norte,Coquimbo
2026-02-20 03:00:00,PMontt220,BA S/E PUERTO MONTT 220KV BP1,63.5778571455093,Sur,Los Lagos
2026-02-20 03:00:00,Polpaico220,BA S/E POLPAICO (TRANSELEC) 220KV BP1,55.5319012853947,Centro,Metropolitana
2026-02-20 03:00:00,Quillota220,BA S/E QUILLOTA 220KV BP1-1,68.4047714372042,Centro,Valparaíso
2026-02-20 04:00:00,AJahuel220,BA S/E ALTO JAHUEL 220KV BP1,55.3056792945583,Centro,Metropolitana
2026-02-20 04:00:00,Cardones220,BA S/E CARDONES 220KV BP1-1,59.5877019002866,Norte,Atacama
2026-02-20 04:00:00,Charrua220,BA S/E CHARRUA 220KV BP1-1,52.6926563498517,Centro Sur,Biobío
2026-02-20 04:00:00,Crucero220,BA S/E CRUCERO 220KV BP1,78.425207896865,Norte,Antofagasta
2026-02-20 04:00:00,PAzucar220,BA S/E PAN DE AZUCAR 220KV BP1,71.9454197414558,Norte,Coquimbo
2026-02-20 04:00:00,PMontt220,BA S/E PUERTO MONTT 220KV BP1,50.3779515132403,Sur,Los Lagos
2026-02-20 04:00:00,Polpaico220,BA S/E POLPAICO (TRANSELEC) 220KV BP1,55.5707398277744,Centro,Metropolitana
2026-02-20 04:00:00,Quillota220,BA S/E QUILLOTA 220KV BP1-1,68.5786209257281,Centro,Valparaíso
2026-02-20 05:00:00,AJahuel220,BA S/E ALTO JAHUEL 220KV BP1,55.5720291143912,Centro,Metropolitana
2026-02-20 05:00:00,Cardones220,BA S/E CARDONES 220KV BP1-1,73.9405487459688,Norte,Atacama
2026-02-20 05:00:00,Charrua220,BA S/E CHARRUA 220KV BP1-1,67.2360637723397,Centro Sur,Biobío
2026-02-20 05:00:00,Crucero220,BA S/E CRUCERO 220KV BP1,63.5097480782967,Norte,Antofagasta
2026-02-20 05:00:00,PAzucar220,BA S/E PAN DE AZUCAR 220KV BP1,71.6901857088197,Norte,Coquimbo
2026-02-20 05:00:00,PMontt220,BA S/E PUERTO MONTT 220KV BP1,65.2296871037683,Sur,Los Lagos
2026-02-20 05:00:00,Polpaico220,BA S/E POLPAICO (TRANSELEC) 220KV BP1,55.8258638190113,Centro,Metropolitana
2026-02-20 05:00:00,Quillota220,BA S/E QUILLOTA 220KV BP1-1,55.3619857404917,Centro,Valparaíso
2026-02-20 06:00:00,AJahuel220,BA S/E ALTO JAHUEL 220KV BP1,55.0904734625614,Centro,Metropolitana
2026-02-20 06:00:00,Cardones220,BA S/E CARDONES 220KV BP1-1,58.9318508957111,Norte,Atacama
2026-02-20 06:00:00,Charrua220,BA S/E CHARRUA 220KV BP1-1,53.0769514432142,Centro Sur,Biobío
2026-02-20 06:00:00,Crucero220,BA S/E CRUCERO 220KV BP1,61.7171233864855,Norte,Antofagasta
2026-02-20 06:00:00,PAzucar220,BA S/E PAN DE AZUCAR 220KV BP1,57.4812239624994,Norte,Coquimbo
2026-02-20 06:00:00,PMontt220,BA S/E PUERTO MONTT 220KV BP1,52.1962114912092,Sur,Los Lagos
2026-02-20 06:00:00,Polpaico220,BA S/E POLPAICO (TRANSELEC) 220KV BP1,55.0535007897144,Centro,Metropolitana
2026-02-20 06:00:00,Quillota220,BA S/E QUILLOTA 220KV BP1-1,55.466941965039,Centro,Valparaíso
2026-02-20 07:00:00,AJahuel220,BA S/E ALTO JAHUEL 220KV BP1,55.2408498373776,Centro,Metropolitana
2026-02-20 07:00:00,Cardones220,BA S/E CARDONES 220KV BP1-1,57.8234758339238,Norte,Atacama
2026-02-20 07:00:00,Charrua220,BA S/E CHARRUA 220KV BP1-1,52.8639896169983,Centro Sur,Biobío
2026-02-20 07:00:00,Crucero220,BA S/E CRUCERO 220KV BP1,60.1770473063926,Norte,Antofagasta
2026-02-20 07:00:00,PAzucar220,BA S/E PAN DE AZUCAR 220KV BP1,56.0368268768943,Norte,Coquimbo
2026-02-20 07:00:00,PMontt220,BA S/E PUERTO MONTT 220KV BP1,54.3206163875582,Sur,Los Lagos
2026-02-20 07:00:00,Polpaico220,BA S/E POLPAICO (TRANSELEC) 220KV BP1,55.4991775015984,Centro,Metropolitana
2026-02-20 07:00:00,Quillota220,BA S/E QUILLOTA 220KV BP1-1,54.1186456021709,Centro,Valparaíso
2026-02-20 08:00:00,AJahuel220,BA S/E ALTO JAHUEL 220KV BP1,49.6916743130652,Centro,Metropolitana
2026-02-20 08:00:00,Cardones220,BA S/E CARDONES 220KV BP1-1,51.1100890497277,Norte,Atacama
2026-02-20 08:00:00,Charrua220,BA S/E CHARRUA 220KV BP1-1,48.8133150867658,Centro Sur,Biobío
2026-02-20 08:00:00,Crucero220,BA S/E CRUCERO 220KV BP1,50.4243691428359,Norte,Antofagasta
2026-02-20 08:00:00,PAzucar220,BA S/E PAN DE AZUCAR 220KV BP1,52.0118524794339,Norte,Coquimbo
2026-02-20 08:00:00,PMontt220,BA S/E PUERTO MONTT 220KV BP1,52.0401847435556,Sur,Los Lagos
2026-02-20 08:00:00,Polpaico220,BA S/E POLPAICO (TRANSELEC) 220KV BP1,49.3239178696611,Centro,Metropolitana
2026-02-20 08:00:00,Quillota220,BA S/E QUILLOTA 220KV BP1-1,53.3872138835006,Centro,Valparaíso
2026-02-20 09:00:00,AJahuel220,BA S/E ALTO JAHUEL 220KV BP1,39.3753153866692,Centro,Metropolitana
2026-02-20 09:00:00,Cardones220,BA S/E CARDONES 220KV BP1-1,33.9132761250818,Norte,Atacama
2026-02-20 09:00:00,Charrua220,BA S/E CHARRUA 220KV BP1-1,39.1716328765096,Centro Sur,Biobío
2026-02-20 09:00:00,Crucero220,BA S/E CRUCERO 220KV BP1,25.4671230474424,Norte,Antofagasta
2026-02-20 09:00:00,PAzucar220,BA S/E PAN DE AZUCAR 220KV BP1,28.7734629557196,Norte,Coquimbo
2026-02-20 09:00:00,PMontt220,BA S/E PUERTO MONTT 220KV BP1,45.961655257253,Sur,Los Lagos
2026-02-20 09:00:00,Polpaico220,BA S/E POLPAICO (TRANSELEC) 220KV BP1,39.1497209181575,Centro,Metropolitana
2026-02-20 09:00:00,Quillota220,BA S/E QUILLOTA 220KV BP1-1,31.8594311785348,Centro,Valparaíso
2026-02-20 10:00:00,AJahuel220,BA S/E ALTO JAHUEL 220KV BP1,32.1575298609728,Centro,Metropolitana
2026-02-20 10:00:00,Cardones220,BA S/E CARDONES 220KV BP1-1,0.0,Norte,Atacama
2026-02-20 10:00:00,Charrua220,BA S/E CHARRUA 220KV BP1-1,32.4808004247295,Centro Sur,Biobío
2026-02-20 10:00:00,Crucero220,BA S/E CRUCERO 220KV BP1,0.0,Norte,Antofagasta
2026-02-20 10:00:00,PAzucar220,BA S/E PAN DE AZUCAR 220KV BP1,2.26871849267036,Norte,Coquimbo
2026-02-20 10:00:00,PMontt220,BA S/E PUERTO MONTT 220KV BP1,61.5880973059112,Sur,Los Lagos
2026-02-20 10:00:00,Polpaico220,BA S/E POLPAICO (TRANSELEC) 220KV BP1,30.6915562871206,Centro,Metropolitana
2026-02-20 10:00:00,Quillota220,BA S/E QUILLOTA 220KV BP1-1,30.1498551749858,Centro,Valparaíso
2026-02-20 11:00:00,AJahuel220,BA S/E ALTO JAHUEL 220KV BP1,25.5783420563532,Centro,Metropolitana
2026-02-20 11:00:00,Cardones220,BA S/E CARDONES 220KV BP1-1,0.0,Norte,Atacama
2026-02-20 11:00:00,Charrua220,BA S/E CHARRUA 220KV BP1-1,25.8844343739669,Centro Sur,Biobío
2026-02-20 11:00:00,Crucero220,BA S/E CRUCERO 220KV BP1,0.0,Norte,Antofagasta
2026-02-20 11:00:00,PAzucar220,BA S/E PAN DE AZUCAR 220KV BP1,1.80150942395548,Norte,Coquimbo
2026-02-20 11:00:00,PMontt220,BA S/E PUERTO MONTT 220KV BP1,62.4938802238792,Sur,Los Lagos
2026-02-20 11:00:00,Polpaico220,BA S/E POLPAICO (TRANSELEC) 220KV BP1,0.0,Centro,Metropolitana
2026-02-20 11:00:00,Quillota220,BA S/E QUILLOTA 220KV BP1-1,0.0,Centro,Valparaíso
2026-02-20 12:00:00,AJahuel220,BA S/E ALTO JAHUEL 220KV BP1,0.0,Centro,Metropolitana
2026-02-20 12:00:00,Cardones220,BA S/E CARDONES 220KV BP1-1,0.0,Norte,Atacama
2026-02-20 12:00:00,Charrua220,BA S/E CHARRUA 220KV BP1-1,0.0,Centro Sur,Biobío
2026-02-20 12:00:00,Crucero220,BA S/E CRUCERO 220KV BP1,0.0,Norte,Antofagasta
2026-02-20 12:00:00,PAzucar220,BA S/E PAN DE AZUCAR 220KV BP1,0.0,Norte,Coquimbo
2026-02-20 12:00:00,PMontt220,BA S/E PUERTO MONTT 220KV BP1,62.7838433826725,Sur,Los Lagos
2026-02-20 12:00:00,Polpaico220,BA S/E POLPAICO (TRANSELEC) 220KV BP1,0.0,Centro,Metropolitana
2026-02-20 12:00:00,Quillota220,BA S/E QUILLOTA 220KV BP1-1,0.0,Centro,Valparaíso
2026-02-20 13:00:00,AJahuel220,BA S/E ALTO JAHUEL 220KV BP1,0.0,Centro,Metropolitana
2026-02-20 13:00:00,Cardones220,BA S/E CARDONES 220KV BP1-1,0.0,Norte,Atacama
2026-02-20 13:00:00,Charrua220,BA S/E CHARRUA 220KV BP1-1,0.0,Centro Sur,Biobío
2026-02-20 13:00:00,Crucero220,BA S/E CRUCERO 220KV BP1,0.0,Norte,Antofagasta
2026-02-20 13:00:00,PAzucar220,BA S/E PAN DE AZUCAR 220KV BP1,0.0,Norte,Coquimbo
2026-02-20 13:00:00,PMontt220,BA S/E PUERTO MONTT 220KV BP1,62.7522696164928,Sur,Los Lagos
2026-02-20 13:00:00,Polpaico220,BA S/E POLPAICO (TRANSELEC) 220KV BP1,0.0,Centro,Metropolitana
2026-02-20 13:00:00,Quillota220,BA S/E QUILLOTA 220KV BP1-1,0.0,Centro,Valparaíso
2026-02-20 14:00:00,AJahuel220,BA S/E ALTO JAHUEL 220KV BP1,0.0,Centro,Metropolitana
2026-02-20 14:00:00,Cardones220,BA S/E CARDONES 220KV BP1-1,0.0,Norte,Atacama
2026-02-20 14:00:00,Charrua220,BA S/E CHARRUA 220KV BP1-1,0.0,Centro Sur,Biobío
2026-02-20 14:00:00,Crucero220,BA S/E CRUCERO 220KV BP1,0.0,Norte,Antofagasta
2026-02-20 14:00:00,PAzucar220,BA S/E PAN DE AZUCAR 220KV BP1,0.0,Norte,Coquimbo
2026-02-20 14:00:00,PMontt220,BA S/E PUERTO MONTT 220KV BP1,62.6287667895993,Sur,Los Lagos
2026-02-20 14:00:00,Polpaico220,BA S/E POLPAICO (TRANSELEC) 220KV BP1,0.0,Centro,Metropolitana
2026-02-20 14:00:00,Quillota220,BA S/E QUILLOTA 220KV BP1-1,0.0,Centro,Valparaíso
2026-02-20 15:00:00,AJahuel220,BA S/E ALTO JAHUEL 220KV BP1,0.0,Centro,Metropolitana
2026-02-20 15:00:00,Cardones220,BA S/E CARDONES 220KV BP1-1,0.0,Norte,Atacama
2026-02-20 15:00:00,Charrua220,BA S/E CHARRUA 220KV BP1-1,0.0,Centro Sur,Biobío
2026-02-20 15:00:00,Crucero220,BA S/E CRUCERO 220KV BP1,0.0,Norte,Antofagasta
2026-02-20 15:00:00,PAzucar220,BA S/E PAN DE AZUCAR 220KV BP1,0.0,Norte,Coquimbo
2026-02-20 15:00:00,PMontt220,BA S/E PUERTO MONTT 220KV BP1,61.8673010266258,Sur,Los Lagos
2026-02-20 15:00:00,Polpaico220,BA S/E POLPAICO (TRANSELEC) 220KV BP1,0.0,Centro,Metropolitana
2026-02-20 15:00:00,Quillota220,BA S/E QUILLOTA 220KV BP1-1,0.0,Centro,Valparaíso
2026-02-20 16:00:00,AJahuel220,BA S/E ALTO JAHUEL 220KV BP1,0.0,Centro,Metropolitana
2026-02-20 16:00:00,Cardones220,BA S/E CARDONES 220KV BP1-1,0.0,Norte,Atacama
2026-02-20 16:00:00,Charrua220,BA S/E CHARRUA 220KV BP1-1,0.0,Centro Sur,Biobío
2026-02-20 16:00:00,Crucero220,BA S/E CRUCERO 220KV BP1,0.0,Norte,Antofagasta
2026-02-20 16:00:00,PAzucar220,BA S/E PAN DE AZUCAR 220KV BP1,0.0,Norte,Coquimbo
2026-02-20 16:00:00,PMontt220,BA S/E PUERTO MONTT 220KV BP1,41.1834241108662,Sur,Los Lagos
2026-02-20 16:00:00,Polpaico220,BA S/E POLPAICO (TRANSELEC) 220KV BP1,0.0,Centro,Metropolitana
2026-02-20 16:00:00,Quillota220,BA S/E QUILLOTA 220KV BP1-1,0.0,Centro,Valparaíso
2026-02-20 17:00:00,AJahuel220,BA S/E ALTO JAHUEL 220KV BP1,0.0,Centro,Metropolitana
2026-02-20 17:00:00,Cardones220,BA S/E CARDONES 220KV BP1-1,0.0,Norte,Atacama
2026-02-20 17:00:00,Charrua220,BA S/E CHARRUA 220KV BP1-1,0.0,Centro Sur,Biobío
2026-02-20 17:00:00,Crucero220,BA S/E CRUCERO 220KV BP1,0.0,Norte,Antofagasta
2026-02-20 17:00:00,PAzucar220,BA S/E PAN DE AZUCAR 220KV BP1,0.0,Norte,Coquimbo
2026-02-20 17:00:00,PMontt220,BA S/E PUERTO MONTT 220KV BP1,0.0,Sur,Los Lagos
2026-02-20 17:00:00,Polpaico220,BA S/E POLPAICO (TRANSELEC) 220KV BP1,0.0,Centro,Metropolitana
2026-02-20 17:00:00,Quillota220,BA S/E QUILLOTA 220KV BP1-1,0.0,Centro,Valparaíso
2026-02-20 18:00:00,AJahuel220,BA S/E ALTO JAHUEL 220KV BP1,0.0,Centro,Metropolitana
2026-02-20 18:00:00,Cardones220,BA S/E CARDONES 220KV BP1-1,0.0,Norte,Atacama
2026-02-20 18:00:00,Charrua220,BA S/E CHARRUA 220KV BP1-1,0.0,Centro Sur,Biobío
2026-02-20 18:00:00,Crucero220,BA S/E CRUCERO 220KV BP1,0.0,Norte,Antofagasta
2026-02-20 18:00:00,PAzucar220,BA S/E PAN DE AZUCAR 220KV BP1,0.0,Norte,Coquimbo
2026-02-20 18:00:00,PMontt220,BA S/E PUERTO MONTT 220KV BP1,41.2856290585612,Sur,Los Lagos
2026-02-20 18:00:00,Polpaico220,BA S/E POLPAICO (TRANSELEC) 220KV BP1,0.0,Centro,Metropolitana
2026-02-20 18:00:00,Quillota220,BA S/E QUILLOTA 220KV BP1-1,0.0,Centro,Valparaíso
2026-02-20 19:00:00,AJahuel220,BA S/E ALTO JAHUEL 220KV BP1,51.9882350888045,Centro,Metropolitana
2026-02-20 19:00:00,Cardones220,BA S/E CARDONES 220KV BP1-1,48.6385883457825,Norte,Atacama
2026-02-20 19:00:00,Charrua220,BA S/E CHARRUA 220KV BP1-1,51.4048184810879,Centro Sur,Biobío
2026-02-20 19:00:00,Crucero220,BA S/E CRUCERO 220KV BP1,49.5472672167878,Norte,Antofagasta
2026-02-20 19:00:00,PAzucar220,BA S/E PAN DE AZUCAR 220KV BP1,49.0647923156824,Norte,Coquimbo
2026-02-20 19:00:00,PMontt220,BA S/E PUERTO MONTT 220KV BP1,54.5677434180298,Sur,Los Lagos
2026-02-20 19:00:00,Polpaico220,BA S/E POLPAICO (TRANSELEC) 220KV BP1,51.4199292103538,Centro,Metropolitana
2026-02-20 19:00:00,Quillota220,BA S/E QUILLOTA 220KV BP1-1,50.8778763160823,Centro,Valparaíso
2026-02-20 20:00:00,AJahuel220,BA S/E ALTO JAHUEL 220KV BP1,56.7527657557355,Centro,Metropolitana
2026-02-20 20:00:00,Cardones220,BA S/E CARDONES 220KV BP1-1,55.3765791136401,Norte,Atacama
2026-02-20 20:00:00,Charrua220,BA S/E CHARRUA 220KV BP1-1,55.5315963088465,Centro Sur,Biobío
2026-02-20 20:00:00,Crucero220,BA S/E CRUCERO 220KV BP1,56.781217927879,Norte,Antofagasta
2026-02-20 20:00:00,PAzucar220,BA S/E PAN DE AZUCAR 220KV BP1,55.0489077042378,Norte,Coquimbo
2026-02-20 20:00:00,PMontt220,BA S/E PUERTO MONTT 220KV BP1,58.2379913265522,Sur,Los Lagos
2026-02-20 20:00:00,Polpaico220,BA S/E POLPAICO (TRANSELEC) 220KV BP1,56.297364614469,Centro,Metropolitana
2026-02-20 20:00:00,Quillota220,BA S/E QUILLOTA 220KV BP1-1,55.4623238663375,Centro,Valparaíso
2026-02-20 21:00:00,AJahuel220,BA S/E ALTO JAHUEL 220KV BP1,56.4020578145471,Centro,Metropolitana
2026-02-20 21:00:00,Cardones220,BA S/E CARDONES 220KV BP1-1,56.6258093838473,Norte,Atacama
2026-02-20 21:00:00,Charrua220,BA S/E CHARRUA 220KV BP1-1,54.224161230931,Centro Sur,Biobío
2026-02-20 21:00:00,Crucero220,BA S/E CRUCERO 220KV BP1,58.5202799321302,Norte,Antofagasta
2026-02-20 21:00:00,PAzucar220,BA S/E PAN DE AZUCAR 220KV BP1,55.7107086435947,Norte,Coquimbo
2026-02-20 21:00:00,PMontt220,BA S/E PUERTO MONTT 220KV BP1,57.5616688669221,Sur,Los Lagos
2026-02-20 21:00:00,Polpaico220,BA S/E POLPAICO (TRANSELEC) 220KV BP1,56.1365673330123,Centro,Metropolitana
2026-02-20 21:00:00,Quillota220,BA S/E QUILLOTA 220KV BP1-1,55.3566475260183,Centro,Valparaíso
2026-02-20 22:00:00,AJahuel220,BA S/E ALTO JAHUEL 220KV BP1,56.2019480257608,Centro,Metropolitana
2026-02-20 22:00:00,Cardones220,BA S/E CARDONES 220KV BP1-1,56.8516990719001,Norte,Atacama
2026-02-20 22:00:00,Charrua220,BA S/E CHARRUA 220KV BP1-1,54.0755101222344,Centro Sur,Biobío
2026-02-20 22:00:00,Crucero220,BA S/E CRUCERO 220KV BP1,59.1294972403574,Norte,Antofagasta
2026-02-20 22:00:00,PAzucar220,BA S/E PAN DE AZUCAR 220KV BP1,55.8744514262843,Norte,Coquimbo
2026-02-20 22:00:00,PMontt220,BA S/E PUERTO MONTT 220KV BP1,57.3755280893949,Sur,Los Lagos
2026-02-20 22:00:00,Polpaico220,BA S/E POLPAICO (TRANSELEC) 220KV BP1,55.9743834130833,Centro,Metropolitana
2026-02-20 22:00:00,Quillota220,BA S/E QUILLOTA 220KV BP1-1,55.1805559353967,Centro,Valparaíso
2026-02-20 23:00:00,AJahuel220,BA S/E ALTO JAHUEL 220KV BP1,56.6710206387253,Centro,Metropolitana
2026-02-20 23:00:00,Cardones220,BA S/E CARDONES 220KV BP1-1,57.9745335491022,Norte,Atacama
2026-02-20 23:00:00,Charrua220,BA S/E CHARRUA 220KV BP1-1,54.6262748716602,Centro Sur,Biobío
2026-02-20 23:00:00,Crucero220,BA S/E CRUCERO 220KV BP1,60.0365793850926,Norte,Antofagasta
2026-02-20 23:00:00,PAzucar220,BA S/E PAN DE AZUCAR 220KV BP1,56.7405546778142,Norte,Coquimbo
2026-02-20 23:00:00,PMontt220,BA S/E PUERTO MONTT 220KV BP1,57.0072872517594,Sur,Los Lagos
2026-02-20 23:00:00,Polpaico220,BA S/E POLPAICO (TRANSELEC) 220KV BP1,56.4644767290155,Centro,Metropolitana
2026-02-20 23:00:00,Quillota220,BA S/E QUILLOTA 220KV BP1-1,55.6272312711533,Centro,Valparaíso
